,model name,base-rules@verification time,with-r-last@verification time,veri time ratio,base-rules@state space size,with-r-last@state space size,state space ratio,with-r-last@reduce time,base-rules@answer
2,JoinFreeModules-PT-0004,0.01,30.03,0.000333000333000333,1672141,1725957,0.9688196171747037,8.1e-05,TRUE
1,JoinFreeModules-PT-0020,0.01,20.16,0.000496031746031746,83491,90796,0.9195449138728579,0.000215,FALSE
3,JoinFreeModules-PT-0004,0.02,20.07,0.000996512207274539,1672141,1699049,0.9841629052487597,7.6e-05,TRUE
0,JoinFreeModules-PT-0200,0.04,20.22,0.001978239366963403,559224451,626556091,0.8925369317014588,0.004012,TRUE
342,DiscoveryGPU-PT-15b,0.01,3.74,0.00267379679144385,16,16,1.0,0.001264,FALSE
80,HealthRecord-PT-01,0.01,1.77,0.005649717514124294,147,147,1.0,0.000732,FALSE
319,CSRepetitions-PT-03,0.01,1.67,0.005988023952095809,870090,870090,1.0,0.000206,TRUE
371,GPPP-PT-C1000N0000000010,0.01,1.63,0.006134969325153374,87963465,87963465,1.0,7.6e-05,FALSE
317,CSRepetitions-PT-05,0.01,1.56,0.00641025641025641,3,3,1.0,0.001005,TRUE
171,RwMutex-PT-r0010w0100,0.01,1.45,0.006896551724137932,1,1,1.0,0.000616,NONE
236,GPUForwardProgress-PT-28a,0.01,1.4,0.0071428571428571435,3,3,1.0,0.001056,FALSE
305,AutoFlight-PT-01a,0.01,1.38,0.007246376811594204,1,1,1.0,6.4e-05,NONE
260,ClientsAndServers-PT-N0002P0,0.01,1.37,0.0072992700729927005,991049,991049,1.0,3.7e-05,FALSE
169,RwMutex-PT-r0010w0500,0.01,1.36,0.007352941176470588,1,1,1.0,0.002866,NONE
368,GPPP-PT-C1000N0000000010,0.02,2.65,0.007547169811320755,38585169,38585169,1.0,7.6e-05,FALSE
234,GPUForwardProgress-PT-40b,0.01,1.31,0.007633587786259542,89,89,1.0,0.001785,TRUE
369,GPPP-PT-C1000N0000000010,0.01,1.27,0.007874015748031496,38585170,38585170,1.0,6.8e-05,FALSE
363,FamilyReunion-PT-L00100M0010C005P005G002,0.03,3.77,0.007957559681697613,9,9,1.0,0.179221,FALSE
164,SatelliteMemory-PT-X01500Y0046,0.01,1.21,0.008264462809917356,46503907,46503907,1.0,1.9e-05,TRUE
370,GPPP-PT-C1000N0000000010,0.01,1.19,0.008403361344537816,87963464,87963464,1.0,7.3e-05,TRUE
315,CircadianClock-PT-000010,0.01,1.15,0.008695652173913044,6766321,6766321,1.0,2.1e-05,FALSE
256,CloudReconfiguration-PT-307,0.01,1.12,0.008928571428571428,323,323,1.0,0.018886,TRUE
147,ResAllocation-PT-R010C002,0.01,1.11,0.009009009009009009,7873,7873,1.0,7.8e-05,FALSE
316,CSRepetitions-PT-07,0.01,1.09,0.009174311926605503,4369,4369,1.0,0.631718,FALSE
454,HealthRecord-PT-16,0.01,1.07,0.009345794392523364,19197,14735,1.3028164234815067,0.001792,FALSE
321,CANConstruction-PT-005,0.01,1.05,0.009523809523809523,22623,22623,1.0,0.000234,FALSE
170,RwMutex-PT-r0010w0500,0.01,1.05,0.009523809523809523,7,7,1.0,0.003497,FALSE
320,CANConstruction-PT-005,0.01,1.02,0.00980392156862745,27414,27414,1.0,0.00024,FALSE
297,AutoFlight-PT-05b,0.02,1.71,0.011695906432748539,67,67,1.0,0.000943,FALSE
477,HealthRecord-PT-01,0.02,1.49,0.013422818791946308,598188,23766,25.16990658924514,0.00108,FALSE
437,BusinessProcesses-PT-18,0.02,1.42,0.014084507042253521,2472321,2470273,1.0008290581648263,0.001271,TRUE
460,CloudReconfiguration-PT-310,0.02,1.36,0.014705882352941176,3357218,573946,5.849362135113756,0.028963,FALSE
472,CloudReconfiguration-PT-311,0.02,1.31,0.015267175572519083,2327065,247113,9.417007603808784,0.029125,TRUE
86,IOTPpurchase-PT-C01M01P01D01,0.02,1.23,0.016260162601626018,1,1,1.0,0.000121,NONE
257,CloudReconfiguration-PT-306,0.02,1.22,0.01639344262295082,39,39,1.0,0.018554,TRUE
294,AutoFlight-PT-12a,0.03,1.77,0.01694915254237288,82,82,1.0,0.000823,FALSE
146,ResAllocation-PT-R005C002,0.02,1.14,0.01754385964912281,241,241,1.0,2.1e-05,TRUE
172,RwMutex-PT-r0010w0050,0.02,1.14,0.01754385964912281,15,15,1.0,0.000335,TRUE
300,AutoFlight-PT-04b,0.03,1.67,0.017964071856287425,120,120,1.0,0.000769,FALSE
278,GPUForwardProgress-PT-28b,0.02,1.04,0.019230769230769232,133,133,1.0,0.001378,TRUE
318,CSRepetitions-PT-04,0.02,1.03,0.019417475728155338,3,3,1.0,0.000489,TRUE
383,GPPP-PT-C0001N0000000010,0.02,1.03,0.019417475728155338,2514,2514,1.0,6.9e-05,TRUE
293,AutoFlight-PT-12b,0.03,1.46,0.02054794520547945,1642,1642,1.0,0.002221,FALSE
298,AutoFlight-PT-05a,0.03,1.43,0.02097902097902098,5414,5414,1.0,0.000318,TRUE
75,IBMB2S565S3960-PT-none,0.03,1.37,0.0218978102189781,3358,3358,1.0,0.000692,TRUE
308,AirplaneLD-PT-0050,0.03,1.29,0.023255813953488372,1609,1609,1.0,0.001625,TRUE
439,BusinessProcesses-PT-19,0.03,1.27,0.023622047244094488,1624386,1622338,1.001262375657847,0.001636,FALSE
469,CloudReconfiguration-PT-308,0.03,1.27,0.023622047244094488,5526423,646533,8.547781783760458,0.029722,TRUE
322,CANConstruction-PT-005,0.03,1.2,0.025,19892,19892,1.0,0.000234,FALSE
222,Philosophers-PT-000200,0.03,1.17,0.02564102564102564,767233,767233,1.0,0.001369,FALSE
438,BusinessProcesses-PT-18,0.03,1.06,0.028301886792452827,49433857,49391873,1.0008500183825788,0.001397,FALSE
311,AutoFlight-PT-04a,0.04,1.37,0.029197080291970802,410,410,1.0,0.000262,FALSE
306,AirplaneLD-PT-2000,0.03,1.01,0.0297029702970297,125,125,1.0,0.839487,FALSE
302,AutoFlight-PT-03a,0.04,1.23,0.032520325203252036,42,42,1.0,0.000203,TRUE
470,CloudReconfiguration-PT-304,0.05,1.46,0.03424657534246576,9083840,1057929,8.586436329848222,0.03457,FALSE
77,IBM319-PT-none,0.05,1.4,0.03571428571428572,12,12,1.0,0.000656,FALSE
344,Diffusion2D-PT-D10N010,0.05,1.34,0.03731343283582089,21,21,1.0,0.010121,TRUE
223,Philosophers-PT-000020,0.04,1.04,0.038461538461538464,673,673,1.0,0.000202,TRUE
173,RobotManipulation-PT-00001,0.04,1.0,0.04,73,73,1.0,3.6e-05,TRUE
152,SmartHome-PT-18,0.05,1.19,0.04201680672268908,57,57,1.0,0.001067,TRUE
467,CloudReconfiguration-PT-305,0.06,1.41,0.0425531914893617,6282531,741371,8.474206571338776,0.03293,FALSE
78,HouseConstruction-PT-00500,0.06,1.38,0.043478260869565216,250501,250501,1.0,4.4e-05,TRUE
309,AirplaneLD-PT-0010,0.05,1.11,0.04504504504504504,183665,183665,1.0,0.000163,FALSE
366,GPPP-PT-C1000N0000000010,0.1,1.97,0.05076142131979696,38585169,38585169,1.0,7.4e-05,TRUE
258,ClientsAndServers-PT-N0005P0,0.08,1.55,0.05161290322580645,415142640,415142640,1.0,4.2e-05,FALSE
301,AutoFlight-PT-03b,0.09,1.74,0.05172413793103448,13,13,1.0,0.000343,FALSE
445,DLCshifumi-PT-6a,0.06,1.11,0.05405405405405405,566,558,1.014336917562724,0.664942,TRUE
443,ASLink-PT-01a,0.32,5.57,0.05745062836624775,35136997,35040539,1.0027527544596275,0.003214,FALSE
343,Diffusion2D-PT-D10N050,0.06,1.03,0.058252427184466014,5101,5101,1.0,0.010755,FALSE
463,CloudReconfiguration-PT-303,0.08,1.36,0.058823529411764705,1094516,163099,6.710746233882489,0.028748,FALSE
453,IBM703-PT-none,0.07,1.19,0.05882352941176471,55,47,1.1702127659574468,0.001482,TRUE
296,AutoFlight-PT-06a,0.1,1.64,0.06097560975609757,2754,2754,1.0,0.000394,TRUE
74,IOTPpurchase-PT-C03M03P03D03,0.07,1.14,0.061403508771929835,74552,74552,1.0,0.000181,FALSE
286,ClientsAndServers-PT-N0002P0,0.07,1.12,0.0625,4651770,4651770,1.0,4.1e-05,FALSE
367,GPPP-PT-C1000N0000000010,0.09,1.34,0.06716417910447761,38585169,38585169,1.0,7e-05,TRUE
295,AutoFlight-PT-06b,0.11,1.63,0.06748466257668712,663817,663817,1.0,0.001162,TRUE
351,DrinkVendingMachine-PT-10,0.09,1.26,0.07142857142857142,866,866,1.0,27.4355,FALSE
307,AirplaneLD-PT-0500,0.09,1.23,0.07317073170731707,756506,756506,1.0,0.120582,FALSE
76,IBM5964-PT-none,0.09,1.19,0.07563025210084033,49,49,1.0,0.000553,TRUE
79,HealthRecord-PT-07,0.08,1.02,0.0784313725490196,1360,1360,1.0,0.000909,FALSE
476,HealthRecord-PT-01,0.1,1.1,0.09090909090909091,122628,6006,20.417582417582416,0.001093,FALSE
303,AutoFlight-PT-02b,0.16,1.6,0.09999999999999999,92,92,1.0,0.0004,FALSE
461,CloudReconfiguration-PT-313,0.14,1.38,0.10144927536231886,4227318,719836,5.872612650659317,0.028674,FALSE
372,GPPP-PT-C0010N0000000100,0.12,1.18,0.1016949152542373,72744304,72744304,1.0,6.8e-05,TRUE
304,AutoFlight-PT-02a,0.17,1.63,0.10429447852760737,30,30,1.0,0.000147,TRUE
15,ARMCacheCoherence-PT-none,0.17,1.35,0.1259259259259259,208946562,208946562,1.0,0.589378,FALSE
16,MultiCrashLeafsetExtension-PT-S24C02,0.34,2.39,0.14225941422594143,91621,91621,1.0,0.105944,FALSE
329,BridgeAndVehicles-PT-V20P20N50,0.17,1.19,0.14285714285714288,4123760,4123760,1.0,0.104316,FALSE
373,GPPP-PT-C0001N0000100000,0.15,1.04,0.14423076923076922,8351,8351,1.0,8.1e-05,FALSE
102,MultiCrashLeafsetExtension-PT-S16C06,0.47,3.02,0.15562913907284767,10769428,10769428,1.0,0.081626,FALSE
85,GlobalResAllocation-PT-03,0.16,1.0,0.16,61309,61309,1.0,0.036808,TRUE
89,MultiCrashLeafsetExtension-PT-S16C04,0.43,2.44,0.1762295081967213,1135395,1135395,1.0,0.045774,FALSE
212,PhilosophersDyn-PT-20,0.6,3.4,0.17647058823529413,12961311,12961311,1.0,0.905485,FALSE
14,MultiCrashLeafsetExtension-PT-S24C02,0.57,3.02,0.18874172185430463,91604,91604,1.0,0.106398,FALSE
82,GlobalResAllocation-PT-03,0.24,1.2,0.2,61309,61309,1.0,0.036542,FALSE
22,MultiCrashLeafsetExtension-PT-S24C02,0.89,3.79,0.23482849604221637,91710,91710,1.0,0.107016,FALSE
149,TokenRing-PT-015,0.38,1.54,0.24675324675324675,265182781,265182781,1.0,0.005112,TRUE
288,CircularTrains-PT-024,0.4,1.6,0.25,411681,411681,1.0,3.6e-05,FALSE
6,MultiCrashLeafsetExtension-PT-S24C03,0.69,2.54,0.2716535433070866,1097173,1097173,1.0,0.158629,FALSE
287,ClientsAndServers-PT-N0001P0,0.28,1.0,0.28,2007,2007,1.0,6.7e-05,FALSE
65,MultiCrashLeafsetExtension-PT-S16C02,0.3,1.04,0.28846153846153844,28431,28431,1.0,0.022181,FALSE
18,MultiCrashLeafsetExtension-PT-S24C02,1.32,4.4,0.3,91760,91760,1.0,0.148536,TRUE
27,MultiCrashLeafsetExtension-PT-S16C07,0.42,1.22,0.3442622950819672,22721038,22721038,1.0,0.104021,FALSE
207,PhilosophersDyn-PT-20,0.37,1.02,0.3627450980392157,12961311,12961311,1.0,0.942356,TRUE
190,MultiCrashLeafsetExtension-PT-S32C03,2.14,5.65,0.3787610619469027,3387909,3387909,1.0,0.553565,FALSE
55,MultiCrashLeafsetExtension-PT-S24C03,0.93,2.35,0.39574468085106385,1097500,1097500,1.0,0.158362,FALSE
111,MultiCrashLeafsetExtension-PT-S16C05,2.07,5.15,0.4019417475728155,4029327,4029327,1.0,0.061569,TRUE
142,PhilosophersDyn-PT-20,0.84,1.96,0.42857142857142855,12961311,12961311,1.0,0.958945,TRUE
44,MultiCrashLeafsetExtension-PT-S24C04,1.12,2.54,0.44094488188976383,8411644,8411644,1.0,0.228889,TRUE
448,ASLink-PT-01b,0.74,1.67,0.4431137724550898,136141919,131438923,1.0357808470478718,0.004346,TRUE
9,MultiCrashLeafsetExtension-PT-S24C02,0.7,1.54,0.45454545454545453,91639,91639,1.0,0.105977,FALSE
19,MultiCrashLeafsetExtension-PT-S24C02,1.78,3.79,0.46965699208443273,91653,91653,1.0,0.108791,TRUE
231,NeighborGrid-PT-d5n4m1t35,5.1,10.76,0.4739776951672862,200280065,200280065,1.0,300.0,TRUE
107,MultiCrashLeafsetExtension-PT-S16C05,0.64,1.33,0.48120300751879697,4039938,4039938,1.0,0.061941,FALSE
197,MultiCrashLeafsetExtension-PT-S32C02,0.69,1.42,0.48591549295774644,212030,212030,1.0,0.345927,TRUE
10,MultiCrashLeafsetExtension-PT-S24C02,0.77,1.57,0.49044585987261147,91788,91788,1.0,0.107477,FALSE
450,ASLink-PT-01b,0.86,1.75,0.49142857142857144,71514204,68719727,1.0406648443175568,0.004362,FALSE
118,MultiCrashLeafsetExtension-PT-S32C02,3.77,7.45,0.5060402684563758,211962,211962,1.0,0.349422,FALSE
7,MultiCrashLeafsetExtension-PT-S24C02,0.93,1.83,0.5081967213114754,91637,91637,1.0,0.105685,FALSE
61,MultiCrashLeafsetExtension-PT-S16C07,0.62,1.19,0.5210084033613446,22690231,22690231,1.0,0.104257,FALSE
101,MultiCrashLeafsetExtension-PT-S16C06,0.87,1.65,0.5272727272727273,10813343,10813343,1.0,0.08124,FALSE
47,MultiCrashLeafsetExtension-PT-S24C04,0.72,1.35,0.5333333333333333,8427228,8427228,1.0,0.228062,FALSE
177,PhilosophersDyn-PT-20,0.62,1.16,0.5344827586206897,12961311,12961311,1.0,0.930013,FALSE
230,NeighborGrid-PT-d5n4m1t35,3.95,7.25,0.5448275862068965,200280065,200280065,1.0,300.0,TRUE
447,ASLink-PT-01b,4.17,7.47,0.5582329317269077,53044546,51732664,1.025358871911178,0.003755,FALSE
37,MultiCrashLeafsetExtension-PT-S24C04,0.79,1.37,0.5766423357664233,8413182,8413182,1.0,0.231897,FALSE
205,NeighborGrid-PT-d5n4m1t35,3.43,5.84,0.5873287671232877,200280065,200280065,1.0,300.0,FALSE
59,MultiCrashLeafsetExtension-PT-S16C07,0.61,1.02,0.5980392156862745,22686083,22686083,1.0,0.103772,FALSE
21,MultiCrashLeafsetExtension-PT-S24C02,0.72,1.2,0.6,91615,91615,1.0,0.106068,TRUE
181,MultiCrashLeafsetExtension-PT-S32C03,1.28,2.05,0.6243902439024391,3387982,3387982,1.0,0.548485,TRUE
93,MultiCrashLeafsetExtension-PT-S16C06,1.59,2.46,0.6463414634146342,10789093,10789093,1.0,0.081093,FALSE
314,BridgeAndVehicles-PT-V20P10N50,0.77,1.19,0.6470588235294118,4123760,4123760,1.0,0.104017,TRUE
192,MultiCrashLeafsetExtension-PT-S32C03,2.24,3.45,0.6492753623188406,3388314,3388314,1.0,0.550079,FALSE
40,MultiCrashLeafsetExtension-PT-S24C04,0.98,1.5,0.6533333333333333,8411345,8411345,1.0,0.229456,FALSE
35,MultiCrashLeafsetExtension-PT-S32C02,2.03,3.09,0.656957928802589,211980,211980,1.0,0.34798,FALSE
72,JoinFreeModules-PT-0003,20.02,30.15,0.6640132669983416,4555,4555,1.0,6.5e-05,FALSE
4,JoinFreeModules-PT-0004,20.01,30.13,0.6641221374045803,138230241,139898537,0.9880749574958029,5.6e-05,FALSE
17,MultiCrashLeafsetExtension-PT-S24C02,3.6,5.42,0.6642066420664207,91648,91648,1.0,0.105729,TRUE
49,MultiCrashLeafsetExtension-PT-S24C03,2.02,3.0,0.6733333333333333,1097294,1097294,1.0,0.160551,TRUE
333,BridgeAndVehicles-PT-V20P20N50,1.33,1.97,0.6751269035532995,4123760,4123760,1.0,0.103098,TRUE
8,MultiCrashLeafsetExtension-PT-S24C02,1.33,1.9,0.7000000000000001,91947,91947,1.0,0.105634,TRUE
384,GPPP-PT-C0001N0000000010,0.75,1.07,0.7009345794392523,5400,5400,1.0,7.7e-05,TRUE
12,MultiCrashLeafsetExtension-PT-S24C02,4.03,5.68,0.7095070422535212,91578,91578,1.0,0.10604,TRUE
221,PhilosophersDyn-PT-10,3.65,5.12,0.712890625,617306,617306,1.0,0.034043,TRUE
100,MultiCrashLeafsetExtension-PT-S16C06,1.05,1.47,0.7142857142857143,10766423,10766423,1.0,0.081633,TRUE
64,MultiCrashLeafsetExtension-PT-S16C02,0.73,1.02,0.7156862745098039,28428,28428,1.0,0.022236,TRUE
182,MultiCrashLeafsetExtension-PT-S32C03,1.16,1.62,0.7160493827160492,3387982,3387982,1.0,0.540046,TRUE
201,MultiCrashLeafsetExtension-PT-S32C02,0.89,1.23,0.7235772357723578,212043,212043,1.0,0.350094,FALSE
442,ASLink-PT-01a,1.14,1.41,0.8085106382978723,47479739,47349724,1.0027458449388216,0.002691,TRUE
196,MultiCrashLeafsetExtension-PT-S32C02,1.46,1.8,0.8111111111111111,211962,211962,1.0,0.347414,FALSE
13,MultiCrashLeafsetExtension-PT-S24C02,3.57,4.4,0.8113636363636363,91578,91578,1.0,0.105916,FALSE
60,MultiCrashLeafsetExtension-PT-S16C07,8.36,10.26,0.8148148148148148,22688376,22688376,1.0,0.104332,TRUE
441,ASLink-PT-01a,2.56,3.14,0.8152866242038216,35551509,35454491,1.0027364093310491,0.003259,TRUE
334,BridgeAndVehicles-PT-V20P20N20,2.04,2.5,0.8160000000000001,4123042,4123042,1.0,0.020088,FALSE
193,MultiCrashLeafsetExtension-PT-S32C03,3.51,4.11,0.8540145985401458,3388759,3388759,1.0,0.531527,TRUE
11,MultiCrashLeafsetExtension-PT-S24C02,3.28,3.84,0.8541666666666666,91658,91658,1.0,0.106067,TRUE
20,MultiCrashLeafsetExtension-PT-S24C02,5.71,6.66,0.8573573573573573,91589,91589,1.0,0.106066,FALSE
48,MultiCrashLeafsetExtension-PT-S24C04,1.65,1.92,0.859375,8411893,8411893,1.0,0.227959,FALSE
112,MultiCrashLeafsetExtension-PT-S16C04,1.54,1.79,0.8603351955307262,1135365,1135365,1.0,0.045799,FALSE
70,JoinFreeModules-PT-0005,1.64,1.9,0.8631578947368421,8529637,8529637,1.0,8.1e-05,FALSE
123,PolyORBLF-PT-S02J06T06,1.66,1.92,0.8645833333333334,67675321,67675321,1.0,0.003296,TRUE
178,MultiCrashLeafsetExtension-PT-S32C03,16.52,18.9,0.8740740740740741,3387772,3387772,1.0,0.532999,TRUE
137,PolyORBLF-PT-S02J04T06,1.8,2.05,0.878048780487805,37828705,37828705,1.0,0.002596,FALSE
62,MultiCrashLeafsetExtension-PT-S16C03,4.32,4.91,0.879837067209776,226727,226727,1.0,0.032666,TRUE
380,GPPP-PT-C0001N0000000100,4.38,4.92,0.8902439024390244,1435461,1435461,1.0,5.1e-05,FALSE
202,MultiCrashLeafsetExtension-PT-S32C02,8.34,9.3,0.896774193548387,212375,212375,1.0,0.348296,FALSE
179,MultiCrashLeafsetExtension-PT-S32C03,4.15,4.62,0.8982683982683983,3388387,3388387,1.0,0.529556,FALSE
189,MultiCrashLeafsetExtension-PT-S32C03,4.09,4.54,0.9008810572687225,3388351,3388351,1.0,0.54154,FALSE
446,DoubleExponent-PT-003,5.15,5.7,0.9035087719298246,1274726,1250407,1.0194488674487587,0.000367,FALSE
263,DNAwalker-PT-05track28LR,10.03,11.01,0.910990009082652,482853366,482853366,1.0,0.000745,FALSE
180,MultiCrashLeafsetExtension-PT-S32C03,6.16,6.74,0.913946587537092,3391126,3391126,1.0,0.561506,TRUE
183,MultiCrashLeafsetExtension-PT-S32C03,4.45,4.86,0.9156378600823045,3387772,3387772,1.0,0.534696,FALSE
214,PhilosophersDyn-PT-20,35.93,39.2,0.9165816326530611,12961311,12961311,1.0,0.959666,TRUE
200,MultiCrashLeafsetExtension-PT-S32C02,6.9,7.52,0.9175531914893618,211979,211979,1.0,0.345589,TRUE
331,BridgeAndVehicles-PT-V20P20N50,1.71,1.86,0.9193548387096774,4372779,4372779,1.0,0.067928,TRUE
248,DNAwalker-PT-02track12Block2,7.41,8.02,0.9239401496259352,18168,18168,1.0,7.8e-05,TRUE
53,MultiCrashLeafsetExtension-PT-S24C03,2.19,2.37,0.9240506329113923,1097294,1097294,1.0,0.158095,FALSE
88,MultiCrashLeafsetExtension-PT-S16C04,3.14,3.39,0.9262536873156342,1135633,1135633,1.0,0.046192,TRUE
394,DNAwalker-PT-10ringRL,6.11,6.59,0.9271623672230653,185401029,185401029,1.0,0.000245,FALSE
377,GPPP-PT-C0001N0000001000,1.15,1.24,0.9274193548387096,10904,10904,1.0,7e-05,FALSE
38,MultiCrashLeafsetExtension-PT-S24C04,3.61,3.88,0.9304123711340206,8412423,8412423,1.0,0.226684,FALSE
135,PolyORBLF-PT-S02J04T06,2.23,2.39,0.9330543933054393,37443697,37443697,1.0,0.002552,TRUE
252,DNAwalker-PT-01track12Block1,7.19,7.69,0.9349804941482445,12042,12042,1.0,6.9e-05,FALSE
239,DNAwalker-PT-02track12Block2,6.0,6.4,0.9375,16653,16653,1.0,7.4e-05,TRUE
376,GPPP-PT-C0001N0000010000,2.15,2.29,0.9388646288209607,68122298,68122298,1.0,4.8e-05,FALSE
210,PhilosophersDyn-PT-20,34.41,36.65,0.938881309686221,12961311,12961311,1.0,0.938034,FALSE
194,MultiCrashLeafsetExtension-PT-S32C02,12.5,13.3,0.9398496240601504,212583,212583,1.0,0.35444,TRUE
327,BridgeAndVehicles-PT-V20P20N50,47.58,50.62,0.9399446858949032,34345799,34345799,1.0,0.068637,FALSE
310,ASLink-PT-01a,3.85,4.08,0.9436274509803921,35136997,35136997,1.0,0.002691,FALSE
251,DNAwalker-PT-01track12Block1,3.59,3.8,0.9447368421052632,6416,6416,1.0,0.000198,FALSE
273,DNAwalker-PT-03track12BlockBoth,3.58,3.78,0.9470899470899472,6416,6416,1.0,0.000184,FALSE
97,MultiCrashLeafsetExtension-PT-S16C06,2.02,2.13,0.9483568075117371,10773644,10773644,1.0,0.081235,FALSE
127,PolyORBLF-PT-S02J06T06,1.29,1.36,0.9485294117647058,67434205,67434205,1.0,0.00327,FALSE
144,PolyORBLF-PT-S02J06T06,1.85,1.95,0.9487179487179488,67533835,67533835,1.0,0.003288,FALSE
191,MultiCrashLeafsetExtension-PT-S32C03,9.16,9.65,0.9492227979274611,3388268,3388268,1.0,0.559191,TRUE
124,PolyORBLF-PT-S02J06T06,1.89,1.99,0.949748743718593,67973665,67973665,1.0,0.00328,TRUE
228,Peterson-PT-3,10.6,11.16,0.9498207885304659,3722929,3722929,1.0,0.000523,FALSE
39,MultiCrashLeafsetExtension-PT-S24C04,2.09,2.2,0.9499999999999998,8416722,8416722,1.0,0.228823,FALSE
339,DNAwalker-PT-06track28RL,134.45,141.48,0.9503109980209217,203818725,203818725,1.0,0.000536,FALSE
56,MultiCrashLeafsetExtension-PT-S24C03,1.34,1.41,0.9503546099290782,1097352,1097352,1.0,0.158389,TRUE
237,DNAwalker-PT-03track12BlockBoth,10.04,10.56,0.9507575757575756,14022,14022,1.0,0.000191,FALSE
397,DNAwalker-PT-10ringRL,20.08,21.08,0.952561669829222,185635515,185635515,1.0,0.000249,TRUE
84,GlobalResAllocation-PT-03,10.35,10.86,0.9530386740331492,61309,61309,1.0,0.036744,FALSE
412,DNAwalker-PT-10ringRL,191.02,199.82,0.9559603643278952,185437003,185437003,1.0,0.000255,TRUE
361,DNAwalker-PT-11ringRR,136.47,142.49,0.9577514211523614,178950975,178950975,1.0,0.000253,TRUE
359,DNAwalker-PT-11ringRR,183.97,192.04,0.9579775046865237,178950975,178950975,1.0,0.000244,TRUE
299,BridgeAndVehicles-PT-V20P10N50,2.07,2.16,0.9583333333333331,31785879,31785879,1.0,0.067493,TRUE
52,MultiCrashLeafsetExtension-PT-S24C03,3.1,3.23,0.9597523219814241,1097139,1097139,1.0,0.157484,TRUE
401,DNAwalker-PT-09ringLR,267.82,278.84,0.9604791278152346,188264221,188264221,1.0,0.000242,FALSE
266,DNAwalker-PT-05track28LR,36.95,38.47,0.9604886924876528,593780746,593780746,1.0,0.000544,TRUE
381,GPPP-PT-C0001N0000000100,20.01,20.82,0.9610951008645534,2846782,2846782,1.0,5.2e-05,TRUE
280,DNAwalker-PT-03track12BlockBoth,5.49,5.71,0.9614711033274956,15811,15811,1.0,6.7e-05,FALSE
43,MultiCrashLeafsetExtension-PT-S24C04,1.25,1.3,0.9615384615384615,8438750,8438750,1.0,0.226189,FALSE
405,DNAwalker-PT-09ringLR,191.04,198.4,0.9629032258064515,178950975,178950975,1.0,0.000244,TRUE
435,DNAwalker-PT-09ringLR,31.45,32.66,0.9629516227801593,11631915,11631915,1.0,0.000698,TRUE
282,DNAwalker-PT-03track12BlockBoth,6.17,6.4,0.9640624999999999,6416,6416,1.0,0.000178,FALSE
265,DNAwalker-PT-05track28LR,243.75,252.41,0.9656907412543084,383380498,383380498,1.0,0.000544,TRUE
424,DNAwalker-PT-10ringRL,57.43,59.45,0.9660218671152229,29396584,29396584,1.0,0.000695,TRUE
24,MultiCrashLeafsetExtension-PT-S16C07,1.19,1.23,0.9674796747967479,22711809,22711809,1.0,0.103662,TRUE
418,DNAwalker-PT-06track28RL,68.38,70.67,0.9675958681194282,245427908,245427908,1.0,0.000743,FALSE
98,MultiCrashLeafsetExtension-PT-S16C06,2.26,2.33,0.9699570815450642,10763721,10763721,1.0,0.082042,FALSE
337,BridgeAndVehicles-PT-V20P20N10,21.15,21.8,0.970183486238532,23489217,23489217,1.0,0.004029,TRUE
420,DNAwalker-PT-08ringLL,185.32,190.98,0.9703633888365274,185443203,185443203,1.0,0.000244,FALSE
428,DNAwalker-PT-06track28RL,221.59,228.19,0.9710767343003638,231680489,231680489,1.0,0.000523,FALSE
389,DNAwalker-PT-11ringRR,145.44,149.53,0.97264762923828,197403653,197403653,1.0,0.000251,TRUE
330,BridgeAndVehicles-PT-V20P20N50,53.26,54.75,0.9727853881278539,4123760,4123760,1.0,0.103787,FALSE
143,PhilosophersDyn-PT-20,131.21,134.86,0.9729348954471303,12961311,12961311,1.0,0.90541,FALSE
335,BridgeAndVehicles-PT-V20P20N20,1.09,1.12,0.9732142857142857,19346453,19346453,1.0,0.012481,FALSE
422,DNAwalker-PT-08ringLL,181.57,186.54,0.9733569207676638,176407915,176407915,1.0,0.000246,FALSE
357,DNAwalker-PT-11ringRR,31.31,32.16,0.9735696517412936,11631235,11631235,1.0,0.000693,FALSE
283,DNAwalker-PT-03track12BlockBoth,9.69,9.95,0.9738693467336683,9076,9076,1.0,0.000188,FALSE
423,DNAwalker-PT-10ringRL,39.92,40.97,0.9743714913351234,12890281,12890281,1.0,0.000704,TRUE
224,Philosophers-PT-000010,20.06,20.57,0.9752066115702479,459271,459271,1.0,4.8e-05,FALSE
430,DNAwalker-PT-07track28RR,262.18,268.64,0.9759529481834426,151848497,151848497,1.0,0.000525,FALSE
264,DNAwalker-PT-05track28LR,20.02,20.51,0.9761092150170647,155085797,155085797,1.0,0.00052,TRUE
271,DNAwalker-PT-04track28LL,131.7,134.92,0.9761340053364957,198838593,198838593,1.0,0.000735,FALSE
399,DNAwalker-PT-07track28RR,105.47,108.02,0.9763932605073135,144612889,144612889,1.0,0.000723,TRUE
378,GPPP-PT-C0001N0000001000,20.01,20.49,0.9765739385065887,13744,13744,1.0,7.2e-05,FALSE
122,PolyORBLF-PT-S02J06T06,1.71,1.75,0.9771428571428571,67434205,67434205,1.0,0.003269,TRUE
326,BridgeAndVehicles-PT-V50P50N10,14.19,14.52,0.9772727272727273,171927670,171927670,1.0,0.034787,TRUE
408,DNAwalker-PT-09ringLR,128.13,130.87,0.9790631924810881,178950975,178950975,1.0,0.000242,FALSE
364,GPPP-PT-C0001N0000000001,20.04,20.46,0.9794721407624633,2878,2878,1.0,8.3e-05,TRUE
134,PolyORBLF-PT-S02J04T06,5.25,5.36,0.9794776119402985,37411117,37411117,1.0,0.002602,FALSE
220,PhilosophersDyn-PT-10,7.6,7.75,0.9806451612903225,617306,617306,1.0,0.034066,FALSE
425,DNAwalker-PT-08ringLL,8.43,8.59,0.9813736903376018,176407915,176407915,1.0,0.000251,FALSE
434,DNAwalker-PT-08ringLL,31.15,31.74,0.981411468178954,17806056,17806056,1.0,0.000698,FALSE
253,DNAwalker-PT-01track12Block1,4.8,4.89,0.9815950920245399,12042,12042,1.0,7.1e-05,FALSE
238,DNAwalker-PT-02track12Block2,6.0,6.11,0.9819967266775776,6416,6416,1.0,0.000188,FALSE
429,DNAwalker-PT-06track28RL,221.12,225.16,0.9820572037662108,253185805,253185805,1.0,0.000521,TRUE
289,BridgeAndVehicles-PT-V20P10N50,2.77,2.82,0.9822695035460993,31785879,31785879,1.0,0.067016,TRUE
355,DNAwalker-PT-11ringRR,10.12,10.3,0.9825242718446601,178950975,178950975,1.0,0.000246,FALSE
235,GlobalResAllocation-PT-03,10.13,10.31,0.982541222114452,61309,61309,1.0,0.036454,FALSE
130,PolyORBLF-PT-S02J04T06,1.75,1.78,0.9831460674157303,38483662,38483662,1.0,0.002563,TRUE
275,DNAwalker-PT-04track28LL,162.95,165.72,0.9832850591358918,144655680,144655680,1.0,0.000746,FALSE
431,DNAwalker-PT-08ringLL,31.33,31.86,0.9833647206528562,11632086,11632086,1.0,0.00069,TRUE
138,PolyORBLF-PT-S02J04T06,1.21,1.23,0.983739837398374,41595637,41595637,1.0,0.002626,TRUE
416,DNAwalker-PT-07track28RR,170.83,173.64,0.9838170928357522,201926473,201926473,1.0,0.000809,FALSE
174,SatelliteMemory-PT-X03000Y0094,3.07,3.12,0.9839743589743589,185671699,185671699,1.0,3.7e-05,TRUE
245,DNAwalker-PT-02track12Block2,4.41,4.48,0.9843749999999999,6849,6849,1.0,0.000191,TRUE
382,GPPP-PT-C0001N0000000010,1.29,1.31,0.9847328244274809,944899,944899,1.0,4.8e-05,TRUE
165,SatelliteMemory-PT-X01500Y0046,48.96,49.7,0.9851106639839033,46503907,46503907,1.0,4.4e-05,TRUE
250,DNAwalker-PT-01track12Block1,10.01,10.16,0.9852362204724409,12042,12042,1.0,6.9e-05,FALSE
433,DNAwalker-PT-10ringRL,10.03,10.18,0.9852652259332023,194452101,194452101,1.0,0.000242,FALSE
150,TokenRing-PT-015,68.72,69.72,0.9856569133677567,265182781,265182781,1.0,0.00511,TRUE
116,GlobalResAllocation-PT-03,10.1,10.24,0.986328125,61309,61309,1.0,0.036669,TRUE
246,DNAwalker-PT-02track12Block2,3.63,3.68,0.9864130434782608,6849,6849,1.0,0.00018,FALSE
81,GlobalResAllocation-PT-03,20.05,20.32,0.9867125984251969,61309,61309,1.0,0.036913,TRUE
240,DNAwalker-PT-02track12Block2,5.97,6.05,0.9867768595041322,6416,6416,1.0,0.000183,FALSE
409,DNAwalker-PT-09ringLR,20.06,20.31,0.9876907927129492,197591799,197591799,1.0,0.000243,FALSE
400,DNAwalker-PT-09ringLR,128.67,130.27,0.9877178168419435,178950975,178950975,1.0,0.000247,FALSE
403,DNAwalker-PT-09ringLR,284.9,288.41,0.9878298255955063,196976933,196976933,1.0,0.000241,TRUE
163,SatelliteMemory-PT-X03000Y0094,10.01,10.13,0.9881539980256663,67510505,67510505,1.0,3.1e-05,FALSE
255,DNAwalker-PT-01track12Block1,10.03,10.15,0.9881773399014777,10964,10964,1.0,7.4e-05,FALSE
356,DNAwalker-PT-11ringRR,51.94,52.54,0.9885801294251998,19372723,19372723,1.0,0.000689,FALSE
71,JoinFreeModules-PT-0004,20.02,20.25,0.988641975308642,1672141,1672141,1.0,5.7e-05,FALSE
426,DNAwalker-PT-08ringLL,31.37,31.72,0.9889659520807063,17806056,17806056,1.0,0.000709,FALSE
281,DNAwalker-PT-03track12BlockBoth,8.1,8.19,0.989010989010989,10121,10121,1.0,0.000188,FALSE
410,DNAwalker-PT-10ringRL,31.68,32.03,0.9890727443022166,11631235,11631235,1.0,0.000682,TRUE
375,GPPP-PT-C0001N0000010000,35.36,35.75,0.989090909090909,68122298,68122298,1.0,5e-05,TRUE
261,DNAwalker-PT-03track12BlockBoth,10.02,10.13,0.9891411648568607,15811,15811,1.0,6.3e-05,FALSE
415,DNAwalker-PT-07track28RR,52.17,52.74,0.9891922639362912,250101621,250101621,1.0,0.000522,TRUE
406,DNAwalker-PT-09ringLR,31.39,31.73,0.9892845887173023,11631235,11631235,1.0,0.000681,FALSE
63,MultiCrashLeafsetExtension-PT-S16C03,4.72,4.77,0.989517819706499,227368,227368,1.0,0.032468,TRUE
121,PolyORBLF-PT-S02J06T06,2.85,2.88,0.9895833333333334,67563805,67563805,1.0,0.00331,FALSE
407,DNAwalker-PT-09ringLR,20.04,20.25,0.9896296296296296,178950975,178950975,1.0,0.000244,TRUE
125,PolyORBLF-PT-S02J06T06,4.96,5.01,0.9900199600798404,83153965,83153965,1.0,0.003236,FALSE
285,DNAwalker-PT-04track28LL,10.03,10.13,0.9901283316880551,375734407,375734407,1.0,0.000748,FALSE
328,BridgeAndVehicles-PT-V20P20N50,61.16,61.76,0.9902849740932642,19359289,19359289,1.0,0.067635,FALSE
374,GPPP-PT-C0001N0000010000,30.01,30.3,0.9904290429042905,2514,2514,1.0,7.2e-05,TRUE
129,PolyORBLF-PT-S02J04T06,2.07,2.09,0.9904306220095693,53870161,53870161,1.0,0.002579,TRUE
358,DNAwalker-PT-11ringRR,184.61,186.35,0.9906627314193722,197591799,197591799,1.0,0.000248,FALSE
393,DNAwalker-PT-10ringRL,225.02,227.08,0.9909283072045094,176407915,176407915,1.0,0.000242,TRUE
249,DNAwalker-PT-01track12Block1,4.39,4.43,0.9909706546275395,6849,6849,1.0,0.000181,TRUE
109,MultiCrashLeafsetExtension-PT-S16C05,16.48,16.63,0.9909801563439568,4027676,4027676,1.0,0.062109,TRUE
139,PolyORBLF-PT-S02J04T06,13.12,13.23,0.9916855631141345,40007929,40007929,1.0,0.002526,FALSE
387,DNAwalker-PT-11ringRR,195.03,196.64,0.9918124491456469,188382675,188382675,1.0,0.000251,FALSE
259,DNAwalker-PT-01track12Block1,10.31,10.39,0.9923002887391723,12042,12042,1.0,6.5e-05,TRUE
413,DNAwalker-PT-10ringRL,31.28,31.52,0.9923857868020305,11631753,11631753,1.0,0.000686,FALSE
244,DNAwalker-PT-02track12Block2,6.68,6.73,0.9925705794947993,16653,16653,1.0,6.6e-05,TRUE
209,PhilosophersDyn-PT-20,20.81,20.96,0.9928435114503816,12961311,12961311,1.0,0.85054,FALSE
292,BridgeAndVehicles-PT-V20P10N10,23.47,23.62,0.9936494496189668,23489217,23489217,1.0,0.004031,TRUE
392,DNAwalker-PT-10ringRL,190.91,192.12,0.9937018530085363,185017633,185017633,1.0,0.00024,FALSE
323,BridgeAndVehicles-PT-V50P50N20,46.05,46.32,0.9941709844559585,275858241,275858241,1.0,0.114027,FALSE
268,DNAwalker-PT-05track28LR,79.18,79.61,0.9945986685089814,299930170,299930170,1.0,0.00074,FALSE
313,BridgeAndVehicles-PT-V20P10N50,210.82,211.94,0.9947154855147683,18079329,18079329,1.0,0.069216,TRUE
365,GPPP-PT-C0001N0000000001,30.01,30.16,0.9950265251989391,1141,1141,1.0,7.3e-05,FALSE
341,DNAwalker-PT-06track28RL,10.03,10.08,0.9950396825396824,335467739,335467739,1.0,0.000814,TRUE
386,GPPP-PT-C0001N0000000001,20.09,20.19,0.9950470529965328,2878,2878,1.0,8.1e-05,TRUE
396,DNAwalker-PT-10ringRL,177.93,178.75,0.9954125874125874,185635515,185635515,1.0,0.00025,TRUE
242,DNAwalker-PT-02track12Block2,17.38,17.44,0.9965596330275228,16653,16653,1.0,7.1e-05,FALSE
385,GPPP-PT-C0001N0000000001,20.01,20.07,0.9970104633781764,1586,1586,1.0,7.2e-05,TRUE
166,SatelliteMemory-PT-X01000Y0032,20.03,20.09,0.9970134395221504,20618551,20618551,1.0,3.3e-05,FALSE
390,DNAwalker-PT-07track28RR,10.05,10.08,0.9970238095238095,255650707,255650707,1.0,0.000539,TRUE
262,DNAwalker-PT-03track12BlockBoth,30.63,30.72,0.9970703125,17268,17268,1.0,6.8e-05,FALSE
254,DNAwalker-PT-01track12Block1,7.46,7.48,0.9973262032085561,12042,12042,1.0,6.6e-05,TRUE
338,DNAwalker-PT-06track28RL,69.08,69.26,0.9974010973144671,228485578,228485578,1.0,0.000734,TRUE
391,DNAwalker-PT-10ringRL,195.9,196.37,0.9976065590466976,194700265,194700265,1.0,0.000242,FALSE
226,Peterson-PT-4,4.38,4.39,0.9977220956719818,23970621,23970621,1.0,0.000996,TRUE
419,DNAwalker-PT-08ringLL,31.09,31.16,0.9977535301668806,11631384,11631384,1.0,0.00069,TRUE
162,SatelliteMemory-PT-X03000Y0094,4.51,4.52,0.9977876106194691,185671699,185671699,1.0,3.6e-05,TRUE
414,DNAwalker-PT-07track28RR,71.3,71.45,0.9979006298110566,229579773,229579773,1.0,0.00053,TRUE
269,DNAwalker-PT-05track28LR,186.57,186.96,0.9979139922978176,257905335,257905335,1.0,0.000528,FALSE
243,DNAwalker-PT-02track12Block2,9.67,9.69,0.9979360165118679,9076,9076,1.0,0.000189,FALSE
432,DNAwalker-PT-10ringRL,138.75,139.03,0.9979860461770841,176407915,176407915,1.0,0.000247,FALSE
379,GPPP-PT-C0001N0000001000,20.01,20.05,0.9980049875311721,2515,2515,1.0,7e-05,FALSE
155,ShieldRVs-PT-001B,10.05,10.07,0.9980139026812315,376,376,1.0,9.2e-05,FALSE
195,MultiCrashLeafsetExtension-PT-S32C02,22.59,22.63,0.9982324348210341,212028,212028,1.0,0.347275,FALSE
455,ShieldRVt-PT-005B,30.05,30.1,0.9983388704318936,189465601,126842881,1.4937030719130386,0.00054,FALSE
167,SatelliteMemory-PT-X01000Y0032,20.06,20.09,0.9985067197610751,20618551,20618551,1.0,5.2e-05,TRUE
126,PolyORBLF-PT-S02J06T06,7.34,7.35,0.998639455782313,94737001,94737001,1.0,0.003209,FALSE
34,MultiCrashLeafsetExtension-PT-S32C02,18.65,18.67,0.9989287627209426,211996,211996,1.0,0.361124,FALSE
332,BridgeAndVehicles-PT-V20P20N50,19.24,19.26,0.9989615784008306,34345799,34345799,1.0,0.067377,TRUE
291,BridgeAndVehicles-PT-V20P10N20,10.46,10.47,0.9990448901623687,31773043,31773043,1.0,0.012495,TRUE
395,DNAwalker-PT-10ringRL,185.44,185.6,0.9991379310344828,176407915,176407915,1.0,0.000244,TRUE
216,PhilosophersDyn-PT-10,12.45,12.46,0.9991974317817013,617306,617306,1.0,0.047079,FALSE
279,DNAwalker-PT-03track12BlockBoth,30.03,30.04,0.9996671105193077,17268,17268,1.0,6.5e-05,TRUE
388,DNAwalker-PT-11ringRR,31.11,31.12,0.9996786632390745,11631384,11631384,1.0,0.000693,FALSE
247,DNAwalker-PT-03track12BlockBoth,33.15,33.16,0.9996984318455971,15811,15811,1.0,6.5e-05,FALSE
274,DNAwalker-PT-04track28LL,300.05,300.09,0.9998667066546704,246988215,246988215,1.0,0.00053,NONE
354,DNAwalker-PT-12ringLLLarge,300.04,300.07,0.9999000233278903,757689713,757689713,1.0,0.000839,NONE
348,DNAwalker-PT-14ringLRLarge,300.03,300.05,0.9999333444425927,764788707,764788707,1.0,0.000826,NONE
272,DNAwalker-PT-04track28LL,300.03,300.05,0.9999333444425927,155085797,155085797,1.0,0.000522,NONE
347,DNAwalker-PT-14ringLRLarge,300.04,300.06,0.9999333466640006,757830394,757830394,1.0,0.000831,NONE
128,PolyORBLF-PT-S02J06T06,300.09,300.11,0.999933357768818,67434205,67434205,1.0,0.003269,NONE
208,PhilosophersDyn-PT-20,300.0,300.01,0.9999666677777408,12961311,12961311,1.0,0.898661,NONE
324,BridgeAndVehicles-PT-V50P50N20,300.0,300.01,0.9999666677777408,271030410,271030410,1.0,0.112355,NONE
219,PhilosophersDyn-PT-20,300.0,300.01,0.9999666677777408,12961311,12961311,1.0,0.908913,NONE
345,DNAwalker-PT-15ringRRLarge,300.04,300.05,0.9999666722212964,757719925,757719925,1.0,0.000832,NONE
349,DNAwalker-PT-13ringRLLarge,300.04,300.05,0.9999666722212964,757841481,757841481,1.0,0.000834,NONE
41,MultiCrashLeafsetExtension-PT-S24C04,300.03,300.03,1.0,8411376,8411376,1.0,0.228917,NONE
115,MultiCrashLeafsetExtension-PT-S16C07,300.05,300.05,1.0,22679104,22679104,1.0,0.104671,NONE
290,BridgeAndVehicles-PT-V20P10N20,1.8,1.8,1.0,18072593,18072593,1.0,0.013423,TRUE
133,PolyORBLF-PT-S02J04T06,300.08,300.08,1.0,37411117,37411117,1.0,0.00259,NONE
25,MultiCrashLeafsetExtension-PT-S16C07,300.04,300.04,1.0,22681470,22681470,1.0,0.104211,NONE
151,TokenRing-PT-015,300.01,300.01,1.0,265182781,265182781,1.0,0.005135,NONE
215,PhilosophersDyn-PT-10,10.1,10.1,1.0,617306,617306,1.0,0.035292,FALSE
241,DNAwalker-PT-02track12Block2,30.03,30.03,1.0,18507,18507,1.0,6.7e-05,TRUE
353,DNAwalker-PT-12ringLLLarge,300.03,300.03,1.0,841282912,841282912,1.0,0.000863,NONE
213,PhilosophersDyn-PT-20,300.0,300.0,1.0,12961311,12961311,1.0,0.855741,NONE
160,PhilosophersDyn-PT-20,300.0,300.0,1.0,12961311,12961311,1.0,0.893219,NONE
350,DNAwalker-PT-13ringRLLarge,300.03,300.03,1.0,841282912,841282912,1.0,0.000831,NONE
206,NeighborGrid-PT-d5n4m1t35,3.17,3.17,1.0,200280065,200280065,1.0,300.0,FALSE
176,PhilosophersDyn-PT-20,300.0,300.0,1.0,12961311,12961311,1.0,0.883735,NONE
211,PhilosophersDyn-PT-20,300.0,300.0,1.0,12961311,12961311,1.0,0.853478,NONE
352,DNAwalker-PT-12ringLLLarge,300.04,300.04,1.0,757719925,757719925,1.0,0.000836,NONE
136,PolyORBLF-PT-S02J04T06,300.07,300.06,1.0000333266679997,44534389,44534389,1.0,0.002589,NONE
277,DNAwalker-PT-04track28LL,300.06,300.05,1.0000333277787035,435517643,435517643,1.0,0.000545,NONE
362,DNAwalker-PT-12ringLLLarge,300.04,300.03,1.0000333300003335,757841481,757841481,1.0,0.000839,NONE
346,DNAwalker-PT-14ringLRLarge,300.04,300.03,1.0000333300003335,757747304,757747304,1.0,0.000831,NONE
148,TokenRing-PT-015,300.01,300.0,1.0000333333333333,265182781,265182781,1.0,0.005102,NONE
140,PolyORBLF-PT-S02J04T06,300.09,300.07,1.0000666511147398,37689997,37689997,1.0,0.00258,NONE
411,DNAwalker-PT-07track28RR,176.52,176.46,1.000340020401224,230755064,230755064,1.0,0.000744,TRUE
83,TriangularGrid-PT-1200,20.12,20.11,1.0004972650422677,566713,566713,1.0,2.6e-05,TRUE
270,DNAwalker-PT-05track28LR,263.64,263.5,1.0005313092979127,151848497,151848497,1.0,0.000522,FALSE
157,SharedMemory-PT-000005,20.04,20.01,1.0014992503748126,10396,10396,1.0,6.1e-05,FALSE
417,DNAwalker-PT-08ringLL,41.75,41.68,1.001679462571977,11757413,11757413,1.0,0.000694,FALSE
119,PolyORBLF-PT-S02J06T06,11.09,11.07,1.0018066847335139,67610521,67610521,1.0,0.003279,FALSE
402,DNAwalker-PT-09ringLR,216.7,216.2,1.0023126734505088,197403653,197403653,1.0,0.000241,FALSE
233,PhilosophersDyn-PT-10,29.64,29.57,1.0023672641190395,617306,617306,1.0,0.034255,TRUE
398,DNAwalker-PT-08ringLL,31.06,30.98,1.0025823111684957,176407915,176407915,1.0,0.000245,TRUE
325,BridgeAndVehicles-PT-V50P50N10,22.49,22.42,1.0031222123104369,171927670,171927670,1.0,0.03415,TRUE
336,BridgeAndVehicles-PT-V20P20N10,6.4,6.38,1.0031347962382446,3575284,3575284,1.0,0.006405,TRUE
141,PolyORBLF-PT-S02J04T06,3.15,3.14,1.003184713375796,38941645,38941645,1.0,0.002576,FALSE
217,PhilosophersDyn-PT-10,9.03,9.0,1.0033333333333332,617306,617306,1.0,0.034313,TRUE
404,DNAwalker-PT-09ringLR,173.02,172.41,1.0035380778377125,188254723,188254723,1.0,0.00024,TRUE
218,PhilosophersDyn-PT-10,8.81,8.77,1.0045610034207526,617306,617306,1.0,0.034039,FALSE
340,DNAwalker-PT-04track28LL,105.72,105.22,1.0047519482988025,144465428,144465428,1.0,0.000733,TRUE
360,DNAwalker-PT-06track28RL,45.52,45.3,1.0048565121412805,217213855,217213855,1.0,0.000527,FALSE
421,DNAwalker-PT-08ringLL,241.15,239.92,1.0051267089029676,185437003,185437003,1.0,0.000243,TRUE
51,MultiCrashLeafsetExtension-PT-S24C03,33.92,33.71,1.006229605458321,1097076,1097076,1.0,0.158337,TRUE
159,SatelliteMemory-PT-X03000Y0094,1.6,1.59,1.0062893081761006,67510505,67510505,1.0,3e-05,TRUE
161,SatelliteMemory-PT-X03000Y0094,1.59,1.58,1.0063291139240507,67510505,67510505,1.0,2.9e-05,FALSE
232,NeighborGrid-PT-d5n4m1t35,4.53,4.5,1.0066666666666668,200280065,200280065,1.0,300.0,TRUE
227,Peterson-PT-4,29.46,29.23,1.0078686281217928,21066001,21066001,1.0,0.000979,TRUE
225,Peterson-PT-4,4.3,4.26,1.0093896713615023,24329781,24329781,1.0,0.000984,FALSE
131,PolyORBLF-PT-S02J04T06,7.21,7.14,1.0098039215686274,38484187,38484187,1.0,0.002566,FALSE
153,SimpleLoadBal-PT-10,41.04,40.63,1.0100910657149889,12182968,12182968,1.0,0.003509,TRUE
436,BusinessProcesses-PT-07,13.65,13.51,1.0103626943005182,11839873,11831553,1.0007032043891448,0.000746,TRUE
91,MultiCrashLeafsetExtension-PT-S16C06,10.3,10.19,1.0107948969578018,10799723,10799723,1.0,0.081243,FALSE
132,PolyORBLF-PT-S02J04T06,12.02,11.89,1.010933557611438,37411117,37411117,1.0,0.002579,FALSE
229,PermAdmissibility-PT-01,2.99,2.95,1.0135593220338983,17857,17857,1.0,0.001496,TRUE
154,SimpleLoadBal-PT-02,10.16,10.01,1.014985014985015,1443,1443,1.0,0.000142,TRUE
168,SafeBus-PT-06,115.77,113.91,1.0163286805372662,29904913,29904913,1.0,0.000826,TRUE
284,DNAwalker-PT-03track12BlockBoth,4.81,4.73,1.0169133192389004,17268,17268,1.0,6.5e-05,FALSE
276,DNAwalker-PT-04track28LL,163.72,160.87,1.01771616833468,144648940,144648940,1.0,0.000751,FALSE
120,PolyORBLF-PT-S02J06T06,11.25,11.03,1.0199456029011786,67541596,67541596,1.0,0.00326,TRUE
105,MultiCrashLeafsetExtension-PT-S16C05,4.41,4.3,1.0255813953488373,4024722,4024722,1.0,0.062382,FALSE
145,QuasiCertifProtocol-PT-10,2.76,2.69,1.0260223048327137,74308562,74308562,1.0,0.001425,FALSE
54,MultiCrashLeafsetExtension-PT-S24C03,47.16,45.83,1.0290202923849008,1097594,1097594,1.0,0.15807,TRUE
114,MultiCrashLeafsetExtension-PT-S16C04,24.33,23.61,1.0304955527318933,1135141,1135141,1.0,0.045744,FALSE
87,MultiCrashLeafsetExtension-PT-S16C04,21.57,20.85,1.0345323741007193,1136504,1136504,1.0,0.045509,TRUE
187,MultiCrashLeafsetExtension-PT-S32C03,3.89,3.76,1.0345744680851066,3388146,3388146,1.0,0.534155,FALSE
46,MultiCrashLeafsetExtension-PT-S24C04,25.0,24.09,1.03777501037775,8416214,8416214,1.0,0.228173,FALSE
198,MultiCrashLeafsetExtension-PT-S32C02,1.9,1.83,1.0382513661202184,211962,211962,1.0,0.345878,TRUE
267,DNAwalker-PT-05track28LR,42.77,41.06,1.0416463711641502,213528706,213528706,1.0,0.000734,FALSE
113,MultiCrashLeafsetExtension-PT-S16C04,21.64,20.76,1.0423892100192678,1135176,1135176,1.0,0.046108,TRUE
68,MAPKbis-PT-5320,16.87,16.17,1.0432900432900432,23117826,23117826,1.0,0.000417,TRUE
106,MultiCrashLeafsetExtension-PT-S16C05,31.73,30.41,1.0434067740874713,4031461,4031461,1.0,0.062409,TRUE
104,MultiCrashLeafsetExtension-PT-S16C05,16.35,15.61,1.0474055092889174,4024026,4024026,1.0,0.062814,FALSE
99,MultiCrashLeafsetExtension-PT-S16C06,63.55,60.43,1.051629985106735,10773228,10773228,1.0,0.081298,FALSE
92,MultiCrashLeafsetExtension-PT-S16C06,267.93,254.5,1.052770137524558,10789906,10789906,1.0,0.072816,TRUE
94,MultiCrashLeafsetExtension-PT-S16C06,60.55,57.51,1.0528603721091985,10764215,10764215,1.0,0.081586,FALSE
30,MultiCrashLeafsetExtension-PT-S24C03,5.25,4.98,1.0542168674698795,1100227,1100227,1.0,0.157523,TRUE
427,DNAwalker-PT-06track28RL,140.46,133.2,1.0545045045045047,142843408,142843408,1.0,0.00052,TRUE
45,MultiCrashLeafsetExtension-PT-S24C03,51.01,48.34,1.0552337608605709,1097168,1097168,1.0,0.158797,TRUE
32,MultiCrashLeafsetExtension-PT-S24C03,48.64,45.99,1.0576212220047836,1097139,1097139,1.0,0.158925,TRUE
67,MAPKbis-PT-5320,16.75,15.83,1.0581174984207202,48758786,48758786,1.0,0.000438,FALSE
452,DoubleExponent-PT-003,5.15,4.86,1.059670781893004,1360465,1272859,1.0688261622064974,0.000449,TRUE
73,MultiCrashLeafsetExtension-PT-S16C03,4.88,4.6,1.0608695652173914,226614,226614,1.0,0.033176,TRUE
66,MAPKbis-PT-5320,20.5,19.32,1.0610766045548654,23363586,23363586,1.0,0.000419,TRUE
57,MultiCrashLeafsetExtension-PT-S16C07,8.4,7.91,1.0619469026548674,22732085,22732085,1.0,0.103966,FALSE
96,MultiCrashLeafsetExtension-PT-S16C06,276.26,260.06,1.062293316926863,10786847,10786847,1.0,0.082243,FALSE
175,MultiCrashLeafsetExtension-PT-S32C02,7.02,6.6,1.0636363636363637,211977,211977,1.0,0.352142,FALSE
185,MultiCrashLeafsetExtension-PT-S32C03,11.18,10.51,1.0637488106565176,3389759,3389759,1.0,0.529176,TRUE
103,MultiCrashLeafsetExtension-PT-S16C05,94.06,88.32,1.0649909420289856,4023278,4023278,1.0,0.062493,FALSE
5,MultiCrashLeafsetExtension-PT-S24C03,35.84,33.61,1.0663493008033325,1097050,1097050,1.0,0.158927,TRUE
23,MultiCrashLeafsetExtension-PT-S16C07,56.0,52.43,1.0680907877169559,22689088,22689088,1.0,0.10402,FALSE
50,MultiCrashLeafsetExtension-PT-S24C03,41.72,39.06,1.068100358422939,1097039,1097039,1.0,0.158848,FALSE
36,MultiCrashLeafsetExtension-PT-S24C04,33.04,30.88,1.0699481865284974,8412840,8412840,1.0,0.229458,TRUE
69,MAPKbis-PT-5320,42.63,39.84,1.0700301204819276,48758786,48758786,1.0,0.00043,TRUE
95,MultiCrashLeafsetExtension-PT-S16C06,206.29,192.26,1.072974097576199,10781277,10781277,1.0,0.081211,TRUE
26,MultiCrashLeafsetExtension-PT-S16C07,43.46,40.34,1.0773425880019831,22726546,22726546,1.0,0.103968,TRUE
117,MultiCrashLeafsetExtension-PT-S32C02,4.54,4.21,1.0783847980997625,211962,211962,1.0,0.346983,FALSE
28,MultiCrashLeafsetExtension-PT-S16C07,43.02,39.53,1.0882873766759424,22680359,22680359,1.0,0.103809,TRUE
110,MultiCrashLeafsetExtension-PT-S16C05,16.58,15.18,1.0922266139657444,4025790,4025790,1.0,0.061841,TRUE
199,MultiCrashLeafsetExtension-PT-S32C02,4.52,4.12,1.0970873786407767,211962,211962,1.0,0.347787,TRUE
58,MultiCrashLeafsetExtension-PT-S24C04,1.06,0.96,1.1041666666666667,8415998,8415998,1.0,0.242415,TRUE
90,MultiCrashLeafsetExtension-PT-S32C02,2.36,2.13,1.107981220657277,211962,211962,1.0,0.349529,FALSE
108,MultiCrashLeafsetExtension-PT-S16C05,2.87,2.52,1.1388888888888888,4028223,4028223,1.0,0.062373,FALSE
29,MultiCrashLeafsetExtension-PT-S16C07,1.37,1.19,1.1512605042016808,22695619,22695619,1.0,0.103598,TRUE
33,MultiCrashLeafsetExtension-PT-S24C03,2.3,1.99,1.1557788944723617,1097297,1097297,1.0,0.158714,TRUE
440,BusinessProcesses-PT-07,17.38,14.51,1.1977946243969675,114301697,114128641,1.0015163240224687,0.000768,FALSE
188,MultiCrashLeafsetExtension-PT-S32C03,2.19,1.79,1.223463687150838,3388041,3388041,1.0,0.551282,FALSE
156,SharedMemory-PT-000100,2.56,2.07,1.2367149758454108,19801,19801,1.0,6.89662,TRUE
31,MultiCrashLeafsetExtension-PT-S24C03,1.06,0.85,1.2470588235294118,1097216,1097216,1.0,0.158482,FALSE
457,UtahNoC-PT-none,136.58,106.73,1.2796776913707486,144644737,81135725,1.7827502866339089,0.005064,FALSE
444,ASLink-PT-01a,1.02,0.77,1.3246753246753247,45764839,45441557,1.0071142368647272,0.00275,TRUE
312,BridgeAndVehicles-PT-V20P10N50,1.46,1.07,1.3644859813084111,31785879,31785879,1.0,0.068114,TRUE
184,MultiCrashLeafsetExtension-PT-S32C03,2.49,1.63,1.5276073619631905,3388869,3388869,1.0,0.532228,FALSE
456,CloudDeployment-PT-4a,9.07,5.54,1.6371841155234657,9710086,5499474,1.7656390411155685,0.004334,TRUE
42,MultiCrashLeafsetExtension-PT-S24C04,1.72,1.05,1.638095238095238,8413322,8413322,1.0,0.227297,TRUE
458,CloudDeployment-PT-5a,120.76,70.96,1.7018038331454344,463833046,229431505,2.0216623954935917,0.007438,TRUE
158,ServersAndClients-PT-400080,1.57,0.91,1.7252747252747254,32884,32884,1.0,0.797235,FALSE
451,ASLink-PT-01b,2.9,1.66,1.7469879518072289,46020435,44131183,1.042809910624875,0.00434,FALSE
186,MultiCrashLeafsetExtension-PT-S32C03,1.74,0.91,1.912087912087912,3388012,3388012,1.0,0.531283,FALSE
468,CloudReconfiguration-PT-306,1.51,0.78,1.935897435897436,1592715,186455,8.542087903247433,0.029665,TRUE
464,CloudReconfiguration-PT-310,1.79,0.85,2.1058823529411765,9214661,1253150,7.353198739177273,0.031894,FALSE
465,CloudReconfiguration-PT-305,1.33,0.57,2.3333333333333335,4581864,590853,7.754659788475306,0.029752,TRUE
466,CloudReconfiguration-PT-310,13.85,2.56,5.41015625,10781189,1381501,7.803967568608347,0.03635,TRUE
475,CloudReconfiguration-PT-401,22.61,3.78,5.981481481481482,676642198,46915767,14.422490375144031,0.048648,FALSE
471,CloudReconfiguration-PT-303,1.46,0.24,6.083333333333333,1251141,139201,8.988017327461728,0.029746,FALSE
473,CloudReconfiguration-PT-311,3.61,0.54,6.685185185185184,2812376,292124,9.627336336624174,0.029316,FALSE
449,ASLink-PT-01b,1.93,0.27,7.148148148148147,38435999,36987131,1.0391722191158865,0.004294,FALSE
474,CloudReconfiguration-PT-314,6.74,0.92,7.326086956521739,5689606,541733,10.50260183522141,0.032814,TRUE
203,NQueens-PT-20,1.06,0.08,13.25,123,123,1.0,0.000644,TRUE
478,HealthRecord-PT-07,4.15,0.29,14.31034482758621,13204078,118548,111.38170192664575,0.002407,FALSE
204,NQueens-PT-30,1.07,0.07,15.285714285714285,2,2,1.0,0.001562,FALSE
480,HealthRecord-PT-10,4.5,0.29,15.517241379310345,846671867,159651,5303.266919718636,0.001922,FALSE
479,HealthRecord-PT-07,3.8,0.17,22.352941176470587,56294869,383089,146.9498445530934,0.001887,TRUE
462,CloudReconfiguration-PT-302,2.68,0.04,67.0,6291726,955629,6.58385838018729,0.029954,FALSE
459,ShieldRVt-PT-004B,10.01,0.06,166.83333333333334,31245062,13206915,2.365810789272135,0.000477,FALSE
