,model name,query index,base-rules@verification time,with-r@verification time,veri time ratio,base-rules@state space size,with-r@state space size,state space ratio,with-r@reduce time,base-rules@answer,type
489,Eratosthenes-PT-010,5,0.0,0.59,0.0,1,1,1.0,1.6e-05,NONE,EF
490,Eratosthenes-PT-010,4,0.0,0.73,0.0,1,1,1.0,1.7e-05,NONE,EF
414,GPUForwardProgress-PT-28a,2,0.0,0.66,0.0,4,4,1.0,0.000438,FALSE,EF
4,JoinFreeModules-PT-0004,13,0.01,30.13,0.00033189512114171923,1672141,1725957,0.9688196171747037,5.4e-05,TRUE,EF
3,JoinFreeModules-PT-0020,4,0.01,20.02,0.0004995004995004995,83491,90796,0.9195449138728579,0.000169,FALSE,AG
6,JoinFreeModules-PT-0004,6,0.02,20.07,0.000996512207274539,1672141,1699049,0.9841629052487597,5.3e-05,TRUE,AG
2,JoinFreeModules-PT-0200,2,0.04,20.06,0.0019940179461615157,559224451,626556091,0.8925369317014588,0.003528,TRUE,EF
442,FMS-PT-00010,7,0.01,1.67,0.005988023952095809,221,221,1.0,5.2e-05,TRUE,AG
451,FMS-PT-00020,8,0.01,1.65,0.0060606060606060615,41,41,1.0,5.7e-05,FALSE,AG
523,ASLink-PT-01a,6,0.06,9.74,0.006160164271047227,35136997,35040539,1.0027527544596275,0.002714,FALSE,AG
156,SatelliteMemory-PT-X00100Y0003,2,0.01,1.54,0.006493506493506493,209485,209485,1.0,3.9e-05,TRUE,EF
462,Eratosthenes-PT-050,4,0.01,1.34,0.007462686567164179,13,13,1.0,0.000163,FALSE,EF
188,Sudoku-PT-AN12,9,0.03,4.02,0.00746268656716418,4321,4321,1.0,0.00244,TRUE,EF
171,RwMutex-PT-r2000w0010,2,0.01,1.31,0.007633587786259542,405,405,1.0,0.158941,TRUE,AG
452,FMS-PT-00020,7,0.01,1.21,0.008264462809917356,841,841,1.0,5.1e-05,TRUE,EF
384,CircadianClock-PT-000001,3,0.01,1.16,0.008620689655172415,625,625,1.0,2.1e-05,TRUE,EF
488,Eratosthenes-PT-020,4,0.01,1.16,0.008620689655172415,161,161,1.0,5.7e-05,TRUE,AG
421,FMS-PT-00005,7,0.02,2.19,0.009132420091324202,31,31,1.0,5.6e-05,TRUE,EF
388,CSRepetitions-PT-02,6,0.01,1.09,0.009174311926605503,37089,37089,1.0,3.6e-05,TRUE,AG
187,Sudoku-PT-AN13,9,0.07,6.75,0.010370370370370372,1473,1473,1.0,0.003192,FALSE,EF
457,FMS-PT-00005,6,0.01,0.95,0.010526315789473686,113,113,1.0,5.7e-05,FALSE,AG
170,RwMutex-PT-r1000w0010,2,0.01,0.95,0.010526315789473686,917,917,1.0,0.17904,FALSE,EF
158,SafeBus-PT-03,3,0.01,0.91,0.010989010989010988,8011,8011,1.0,0.000187,TRUE,AG
387,CSRepetitions-PT-03,8,0.01,0.9,0.011111111111111112,2138401,2138401,1.0,0.00016,TRUE,AG
174,RwMutex-PT-r0100w0010,4,0.01,0.89,0.011235955056179775,25,25,1.0,0.002408,TRUE,AG
420,FMS-PT-00005,10,0.01,0.84,0.011904761904761906,3,3,1.0,7.1e-05,TRUE,AG
456,Eratosthenes-PT-050,5,0.01,0.84,0.011904761904761906,1,1,1.0,9.2e-05,FALSE,EF
159,RwMutex-PT-r2000w0010,16,0.01,0.8,0.012499999999999999,85,85,1.0,0.158793,FALSE,AG
450,FMS-PT-00020,9,0.01,0.8,0.012499999999999999,143116,143116,1.0,5.1e-05,TRUE,EF
155,SatelliteMemory-PT-X00100Y0003,3,0.01,0.8,0.012499999999999999,209485,209485,1.0,4.2e-05,TRUE,EF
544,FMS-PT-00005,8,0.01,0.73,0.013698630136986302,28058,11327,2.4770901386068687,5.1e-05,TRUE,EF
154,SatelliteMemory-PT-X00100Y0003,15,0.01,0.71,0.014084507042253521,209485,209485,1.0,2.2e-05,TRUE,EF
1,Vasy2003-PT-none,3,0.03,2.07,0.014492753623188406,673697,38712617,0.01740251763397964,0.004708,TRUE,AG
168,RwMutex-PT-r0100w0010,5,0.01,0.69,0.014492753623188408,27,27,1.0,0.002402,FALSE,AG
161,RwMutex-PT-r0010w0020,7,0.01,0.66,0.015151515151515152,3,3,1.0,0.000167,FALSE,EF
5,JoinFreeModules-PT-0004,2,0.01,0.63,0.015873015873015872,17981,18415,0.9764322563127885,5.1e-05,TRUE,AG
164,RwMutex-PT-r0020w0010,4,0.01,0.62,0.016129032258064516,3,3,1.0,0.000172,FALSE,EF
426,FMS-PT-00002,3,0.01,0.59,0.01694915254237288,648,648,1.0,4.3e-05,FALSE,EF
165,RwMutex-PT-r0020w0010,5,0.01,0.58,0.01724137931034483,23,23,1.0,0.000195,FALSE,EF
425,FMS-PT-00002,4,0.02,1.1,0.01818181818181818,5,5,1.0,4.7e-05,TRUE,AG
0,Vasy2003-PT-none,9,0.02,1.09,0.018348623853211007,150576,88472434,0.0017019538537845584,0.00478,FALSE,AG
378,DLCshifumi-PT-2a,9,0.01,0.51,0.0196078431372549,174,174,1.0,0.002575,FALSE,EF
145,SatelliteMemory-PT-X03000Y0094,12,0.01,0.5,0.02,67510505,67510505,1.0,3.4e-05,FALSE,EF
186,Sudoku-PT-AN15,9,0.04,1.89,0.021164021164021166,129,129,1.0,0.005235,FALSE,EF
419,FMS-PT-00010,4,0.02,0.91,0.021978021978021976,937740,937740,1.0,5.5e-05,FALSE,AG
172,RwMutex-PT-r2000w0010,3,0.02,0.87,0.022988505747126436,405,405,1.0,0.159572,TRUE,AG
225,Philosophers-PT-000010,4,0.02,0.76,0.02631578947368421,459271,459271,1.0,4.6e-05,TRUE,AG
366,AutoFlight-PT-24b,10,0.02,0.74,0.02702702702702703,876934,876934,1.0,0.002905,FALSE,EF
453,FMS-PT-00020,6,0.05,1.76,0.02840909090909091,62072641,62072641,1.0,5.6e-05,TRUE,EF
449,FlexibleBarrier-PT-12a,7,0.02,0.63,0.031746031746031744,11,11,1.0,0.002647,FALSE,AG
520,BusinessProcesses-PT-09,10,0.02,0.56,0.03571428571428571,8148910,8132373,1.0020334778053097,0.000698,FALSE,EF
537,CloudDeployment-PT-2a,4,0.02,0.55,0.03636363636363636,9177,7637,1.2016498625114573,0.00096,FALSE,EF
447,FlexibleBarrier-PT-16a,10,0.02,0.54,0.037037037037037035,9,9,1.0,0.001737,FALSE,AG
458,Eratosthenes-PT-050,3,0.02,0.54,0.037037037037037035,2,2,1.0,0.000119,FALSE,EF
144,ServersAndClients-PT-100020,3,0.02,0.53,0.03773584905660377,604,604,1.0,0.051343,TRUE,AG
431,GPPP-PT-C0001N0000010000,2,0.02,0.53,0.03773584905660377,10903,10903,1.0,7.9e-05,FALSE,AG
412,JoinFreeModules-PT-0004,15,0.03,0.69,0.043478260869565216,138230241,138230241,1.0,5.8e-05,TRUE,EF
409,FMS-PT-00010,6,0.06,1.27,0.047244094488188976,968663,968663,1.0,5.2e-05,TRUE,EF
512,BusinessProcesses-PT-16,14,0.04,0.83,0.04819277108433735,80495,80479,1.0001988096273562,0.000947,TRUE,EF
162,RwMutex-PT-r0010w0050,12,0.03,0.59,0.05084745762711865,1,1,1.0,0.00027,NONE,EF
454,FMS-PT-00010,11,0.03,0.56,0.05357142857142856,166,166,1.0,5.2e-05,FALSE,AG
514,BusinessProcesses-PT-13,16,0.04,0.71,0.056338028169014086,126812,126772,1.0003155270880004,0.000816,TRUE,EF
379,DLCround-PT-03a,16,0.03,0.52,0.05769230769230769,7,7,1.0,0.001766,TRUE,AG
545,FMS-PT-00010,8,0.04,0.69,0.05797101449275363,116265392,43604223,2.666379171577028,4.6e-05,FALSE,AG
428,Eratosthenes-PT-500,11,0.03,0.5,0.06,33,33,1.0,0.003853,TRUE,AG
363,AutoFlight-PT-48a,10,0.09,1.48,0.06081081081081081,1426,1426,1.0,0.003136,TRUE,AG
536,CANConstruction-PT-005,16,0.08,1.25,0.064,40380,35372,1.1415809114553885,0.000234,TRUE,AG
169,RwMutex-PT-r0500w0010,3,0.05,0.77,0.06493506493506494,10261,10261,1.0,0.010708,FALSE,EF
163,RwMutex-PT-r0020w0010,3,0.06,0.89,0.06741573033707865,3,3,1.0,0.000191,FALSE,EF
424,FMS-PT-00002,8,0.04,0.58,0.06896551724137932,256,256,1.0,4.2e-05,FALSE,EF
513,BusinessProcesses-PT-16,3,0.06,0.85,0.07058823529411765,23722,23716,1.0002529937594873,0.000987,TRUE,EF
322,DNAwalker-PT-07track28RR,2,0.04,0.53,0.07547169811320754,228001218,228001218,1.0,0.000761,FALSE,EF
534,DLCround-PT-05a,16,0.04,0.53,0.07547169811320754,368,350,1.0514285714285714,0.004014,FALSE,EF
173,RwMutex-PT-r2000w0010,5,0.04,0.51,0.0784313725490196,85,85,1.0,0.16198,FALSE,AG
446,FlexibleBarrier-PT-16a,11,0.05,0.61,0.0819672131147541,385,385,1.0,0.00179,FALSE,AG
423,FMS-PT-00005,3,0.06,0.71,0.08450704225352113,386863,386863,1.0,4.5e-05,TRUE,EF
429,GPUForwardProgress-PT-20b,11,0.05,0.59,0.08474576271186442,17,17,1.0,0.001015,FALSE,EF
241,NeoElection-PT-3,2,0.05,0.57,0.08771929824561404,186221,186221,1.0,0.002345,FALSE,EF
517,BusinessProcesses-PT-19,8,0.07,0.77,0.09090909090909091,5905025,5899905,1.0008678105833908,0.001012,FALSE,EF
359,AutoFlight-PT-48b,12,0.07,0.75,0.09333333333333334,1710743,1710743,1.0,0.007492,FALSE,EF
408,IOTPpurchase-PT-C03M03P03D03,1,0.07,0.75,0.09333333333333334,74552,74552,1.0,0.000146,FALSE,AG
519,BusinessProcesses-PT-17,15,0.05,0.52,0.09615384615384616,20760,20728,1.0015438054805095,0.000989,TRUE,EF
515,BusinessProcesses-PT-13,3,0.08,0.79,0.10126582278481013,11557,11551,1.000519435546706,0.000963,FALSE,EF
525,BusinessProcesses-PT-17,7,0.09,0.83,0.10843373493975904,246529,245825,1.0028638258924032,0.000951,FALSE,AG
367,AutoFlight-PT-24b,1,0.07,0.62,0.11290322580645162,3,3,1.0,0.002681,FALSE,EF
383,CircadianClock-PT-000010,10,0.06,0.53,0.11320754716981131,6766321,6766321,1.0,2.1e-05,TRUE,AG
167,RwMutex-PT-r0020w0010,6,0.06,0.51,0.11764705882352941,85,85,1.0,0.000217,TRUE,AG
362,AutoFlight-PT-48a,11,0.06,0.5,0.12,109,109,1.0,0.002825,FALSE,EF
381,ClientsAndServers-PT-N0500P0,10,0.07,0.57,0.12280701754385967,8001,8001,1.0,9.3e-05,TRUE,EF
234,NeighborGrid-PT-d2n3m1c12,11,0.07,0.57,0.12280701754385967,7921,7921,1.0,0.005654,FALSE,EF
226,Philosophers-PT-000010,3,0.07,0.56,0.125,459271,459271,1.0,4.2e-05,FALSE,AG
364,AutoFlight-PT-24b,12,0.08,0.59,0.13559322033898305,3185,3185,1.0,0.004016,TRUE,EF
386,CSRepetitions-PT-04,10,0.08,0.53,0.1509433962264151,65194297,65194297,1.0,0.000372,TRUE,AG
491,Diffusion2D-PT-D05N010,1,0.08,0.51,0.1568627450980392,20021,20021,1.0,0.059969,TRUE,EF
399,CSRepetitions-PT-03,10,0.09,0.56,0.1607142857142857,23760,23760,1.0,0.000165,TRUE,AG
549,CloudDeployment-PT-6a,8,0.17,1.05,0.1619047619047619,154311315,33384626,4.622226859752749,0.011912,FALSE,AG
418,MultiCrashLeafsetExtension-PT-S16C02,1,0.15,0.88,0.17045454545454544,28481,28481,1.0,0.022512,FALSE,EF
382,ClientsAndServers-PT-N0200P0,5,0.1,0.55,0.18181818181818182,3201,3201,1.0,9.2e-05,TRUE,EF
360,AutoFlight-PT-48b,11,0.16,0.86,0.18604651162790697,578,578,1.0,0.007486,TRUE,AG
365,AutoFlight-PT-24b,11,0.15,0.8,0.18749999999999997,618800,618800,1.0,0.002792,TRUE,EF
445,FlexibleBarrier-PT-16a,12,0.12,0.64,0.1875,3,3,1.0,0.0017,TRUE,EF
361,AutoFlight-PT-48b,10,0.1,0.52,0.19230769230769232,2600,2600,1.0,0.007462,TRUE,EF
524,ASLink-PT-01a,2,0.32,1.65,0.19393939393939397,35136997,35040539,1.0027527544596275,0.002749,FALSE,AG
235,NeighborGrid-PT-d2n3m1t12,12,0.13,0.59,0.22033898305084748,360361,360361,1.0,0.091603,TRUE,AG
526,BusinessProcesses-PT-15,1,0.2,0.82,0.24390243902439027,31357,31229,1.0040987543629318,0.00096,TRUE,EF
282,MultiCrashLeafsetExtension-PT-S16C02,6,0.15,0.61,0.2459016393442623,28424,28424,1.0,0.022264,FALSE,EF
527,ASLink-PT-01a,1,1.02,3.52,0.2897727272727273,45764839,45441557,1.0071142368647272,0.001663,TRUE,AG
132,MultiCrashLeafsetExtension-PT-S16C06,10,0.41,1.36,0.3014705882352941,10761768,10761768,1.0,0.078097,FALSE,EF
97,MultiCrashLeafsetExtension-PT-S16C04,1,0.29,0.95,0.30526315789473685,1137920,1137920,1.0,0.045531,FALSE,EF
84,MultiCrashLeafsetExtension-PT-S16C05,6,0.37,1.2,0.30833333333333335,4023278,4023278,1.0,0.060035,FALSE,EF
531,ASLink-PT-01b,2,1.93,5.84,0.3304794520547945,38435999,36987131,1.0391722191158865,0.0037,FALSE,AG
204,ServersAndClients-PT-400080,2,0.29,0.85,0.3411764705882353,3207,3207,1.0,20.1531,TRUE,EF
283,MultiCrashLeafsetExtension-PT-S16C02,7,0.21,0.61,0.3442622950819672,28410,28410,1.0,0.022192,FALSE,EF
106,MultiCrashLeafsetExtension-PT-S16C06,1,0.47,1.34,0.3507462686567164,10769428,10769428,1.0,0.07858,FALSE,EF
31,MultiCrashLeafsetExtension-PT-S24C03,1,0.69,1.76,0.39204545454545453,1097173,1097173,1.0,0.154749,FALSE,AG
219,PhilosophersDyn-PT-10,6,0.32,0.73,0.4383561643835617,617306,617306,1.0,0.035519,TRUE,EF
105,MultiCrashLeafsetExtension-PT-S16C05,16,0.36,0.82,0.43902439024390244,4028980,4028980,1.0,0.059912,FALSE,EF
113,MultiCrashLeafsetExtension-PT-S24C02,1,0.89,1.9,0.46842105263157896,91710,91710,1.0,0.104586,FALSE,AG
102,MultiCrashLeafsetExtension-PT-S16C03,6,0.32,0.64,0.5,228173,228173,1.0,0.032277,FALSE,EF
532,ASLink-PT-01b,13,0.86,1.71,0.5029239766081871,71514204,68719727,1.0406648443175568,0.003675,FALSE,EF
236,PhilosophersDyn-PT-20,4,0.6,1.17,0.5128205128205129,12961311,12961311,1.0,0.915192,FALSE,AG
65,MultiCrashLeafsetExtension-PT-S32C02,3,0.77,1.49,0.5167785234899329,211962,211962,1.0,0.343076,FALSE,EF
263,MultiCrashLeafsetExtension-PT-S32C03,13,1.28,2.41,0.5311203319502075,3387982,3387982,1.0,0.520279,TRUE,EF
101,MultiCrashLeafsetExtension-PT-S16C03,8,0.82,1.54,0.5324675324675324,226664,226664,1.0,0.032375,TRUE,AG
81,MultiCrashLeafsetExtension-PT-S16C05,9,0.52,0.97,0.5360824742268041,4028135,4028135,1.0,0.059756,FALSE,EF
422,GPPP-PT-C0001N0000010000,3,0.36,0.64,0.5625,283610381,283610381,1.0,5.7e-05,TRUE,EF
56,MultiCrashLeafsetExtension-PT-S24C04,10,0.98,1.73,0.5664739884393064,8411345,8411345,1.0,0.224538,FALSE,EF
385,BridgeAndVehicles-PT-V20P20N20,15,0.33,0.58,0.5689655172413793,19346453,19346453,1.0,0.014027,TRUE,EF
372,BridgeAndVehicles-PT-V20P20N50,1,1.33,2.32,0.5732758620689656,4123760,4123760,1.0,0.076027,TRUE,EF
95,MultiCrashLeafsetExtension-PT-S16C04,4,0.31,0.52,0.5961538461538461,1136393,1136393,1.0,0.039529,TRUE,AG
13,MultiCrashLeafsetExtension-PT-S24C04,1,1.65,2.76,0.5978260869565217,8411893,8411893,1.0,0.222201,FALSE,EF
23,MultiCrashLeafsetExtension-PT-S24C03,6,2.3,3.81,0.6036745406824147,1097297,1097297,1.0,0.154953,TRUE,AG
141,MultiCrashLeafsetExtension-PT-S32C03,12,1.16,1.9,0.6105263157894737,3387982,3387982,1.0,0.517265,TRUE,EF
281,MultiCrashLeafsetExtension-PT-S16C02,13,0.54,0.88,0.6136363636363636,28625,28625,1.0,0.021881,TRUE,AG
437,GPPP-PT-C0001N0000000100,12,0.36,0.58,0.6206896551724138,2515,2515,1.0,7.6e-05,FALSE,EF
369,BridgeAndVehicles-PT-V20P10N20,2,0.38,0.61,0.6229508196721312,31773043,31773043,1.0,0.006587,FALSE,AG
82,MultiCrashLeafsetExtension-PT-S16C05,8,0.64,0.98,0.653061224489796,4039938,4039938,1.0,0.059529,FALSE,AG
410,JoinFreeModules-PT-0003,14,20.02,30.17,0.6635730858468677,4555,4555,1.0,4.2e-05,FALSE,EF
7,JoinFreeModules-PT-0004,7,20.01,30.06,0.6656686626746507,138230241,139898537,0.9880749574958029,5e-05,FALSE,AG
88,MultiCrashLeafsetExtension-PT-S16C05,1,2.07,3.08,0.672077922077922,4029327,4029327,1.0,0.061024,TRUE,EF
50,MultiCrashLeafsetExtension-PT-S32C03,2,2.24,3.26,0.687116564417178,3388314,3388314,1.0,0.521585,FALSE,EF
71,MultiCrashLeafsetExtension-PT-S24C04,13,3.61,5.24,0.6889312977099236,8412423,8412423,1.0,0.219659,FALSE,AG
12,MultiCrashLeafsetExtension-PT-S24C03,16,2.02,2.87,0.7038327526132404,1097294,1097294,1.0,0.154678,TRUE,EF
15,MultiCrashLeafsetExtension-PT-S24C04,2,0.66,0.92,0.717391304347826,8411211,8411211,1.0,0.22477,FALSE,EF
142,MultiCrashLeafsetExtension-PT-S32C03,14,6.16,8.36,0.736842105263158,3391126,3391126,1.0,0.518463,TRUE,AG
36,MultiCrashLeafsetExtension-PT-S24C02,12,0.77,1.04,0.7403846153846154,91788,91788,1.0,0.103137,FALSE,AG
203,ServersAndClients-PT-400080,1,1.57,2.1,0.7476190476190476,32884,32884,1.0,0.676338,FALSE,AG
126,MultiCrashLeafsetExtension-PT-S16C07,2,0.62,0.82,0.7560975609756098,22690231,22690231,1.0,0.100006,FALSE,EF
230,MultiCrashLeafsetExtension-PT-S32C03,15,4.15,5.47,0.7586837294332724,3388387,3388387,1.0,0.514878,FALSE,EF
22,MultiCrashLeafsetExtension-PT-S24C03,10,0.93,1.22,0.7622950819672132,1097500,1097500,1.0,0.154252,FALSE,AG
75,MultiCrashLeafsetExtension-PT-S24C02,6,3.6,4.64,0.7758620689655173,91648,91648,1.0,0.104107,TRUE,EF
19,MultiCrashLeafsetExtension-PT-S24C04,6,1.12,1.43,0.7832167832167833,8411644,8411644,1.0,0.220047,TRUE,AG
85,MultiCrashLeafsetExtension-PT-S16C05,5,0.74,0.93,0.7956989247311828,4032438,4032438,1.0,0.059704,FALSE,EF
197,ServersAndClients-PT-200040,12,0.42,0.52,0.8076923076923076,8442,8442,1.0,0.064954,TRUE,EF
109,MultiCrashLeafsetExtension-PT-S16C02,14,0.65,0.8,0.8125,28410,28410,1.0,0.022206,TRUE,AG
73,MultiCrashLeafsetExtension-PT-S24C02,9,3.57,4.39,0.8132118451025058,91578,91578,1.0,0.10317,FALSE,EF
40,MultiCrashLeafsetExtension-PT-S24C04,14,0.79,0.96,0.8229166666666667,8413182,8413182,1.0,0.223714,FALSE,EF
93,MultiCrashLeafsetExtension-PT-S16C04,11,0.43,0.52,0.8269230769230769,1135395,1135395,1.0,0.044609,FALSE,EF
8,MultiCrashLeafsetExtension-PT-S24C03,12,2.19,2.63,0.8326996197718631,1097294,1097294,1.0,0.159016,FALSE,AG
48,MultiCrashLeafsetExtension-PT-S32C03,4,2.14,2.54,0.8425196850393701,3387909,3387909,1.0,0.516791,FALSE,EF
104,MultiCrashLeafsetExtension-PT-S16C03,1,0.81,0.96,0.8437500000000001,226526,226526,1.0,0.03319,TRUE,EF
114,MultiCrashLeafsetExtension-PT-S16C07,16,0.61,0.72,0.8472222222222222,22693585,22693585,1.0,0.100193,FALSE,EF
83,MultiCrashLeafsetExtension-PT-S16C05,7,2.87,3.38,0.849112426035503,4028223,4028223,1.0,0.065632,FALSE,AG
432,GPPP-PT-C0001N0000001000,16,1.15,1.35,0.8518518518518517,10904,10904,1.0,8.8e-05,FALSE,AG
435,GPPP-PT-C0001N0000001000,2,0.81,0.95,0.8526315789473685,6818299,6818299,1.0,6.1e-05,TRUE,EF
137,MultiCrashLeafsetExtension-PT-S16C06,5,2.26,2.65,0.8528301886792452,10763721,10763721,1.0,0.078357,FALSE,AG
343,BridgeAndVehicles-PT-V20P20N20,7,1.09,1.27,0.8582677165354331,19346453,19346453,1.0,0.013327,FALSE,EF
89,MultiCrashLeafsetExtension-PT-S16C04,16,1.54,1.79,0.8603351955307262,1135365,1135365,1.0,0.044736,FALSE,AG
413,JoinFreeModules-PT-0005,10,1.64,1.89,0.8677248677248677,8529637,8529637,1.0,6.1e-05,FALSE,EF
51,MultiCrashLeafsetExtension-PT-S32C03,1,3.51,4.02,0.873134328358209,3388759,3388759,1.0,0.527295,TRUE,EF
127,MultiCrashLeafsetExtension-PT-S16C07,1,8.36,9.55,0.8753926701570679,22688376,22688376,1.0,0.099721,TRUE,EF
355,BridgeAndVehicles-PT-V20P20N20,8,0.51,0.58,0.8793103448275863,34320763,34320763,1.0,0.013958,FALSE,AG
45,MultiCrashLeafsetExtension-PT-S32C03,7,3.89,4.42,0.8800904977375567,3388146,3388146,1.0,0.528711,FALSE,AG
130,MultiCrashLeafsetExtension-PT-S16C06,13,1.59,1.8,0.8833333333333333,10789093,10789093,1.0,0.078121,FALSE,AG
266,PhilosophersDyn-PT-20,8,0.54,0.6,0.9000000000000001,12961311,12961311,1.0,0.863609,FALSE,AG
354,BridgeAndVehicles-PT-V20P10N20,8,0.55,0.61,0.9016393442622952,31773043,31773043,1.0,0.013567,TRUE,EF
237,NeighborGrid-PT-d5n4m1t35,6,3.43,3.8,0.9026315789473685,200280065,200280065,1.0,300.0,FALSE,AG
296,DNAwalker-PT-03track12BlockBoth,5,3.58,3.94,0.9086294416243655,6416,6416,1.0,0.000194,FALSE,EF
112,MultiCrashLeafsetExtension-PT-S24C02,2,0.72,0.79,0.9113924050632911,91615,91615,1.0,0.103752,TRUE,AG
86,MultiCrashLeafsetExtension-PT-S16C05,4,16.48,18.07,0.9120088544548977,4027676,4027676,1.0,0.060731,TRUE,EF
248,PolyORBLF-PT-S02J04T06,13,0.86,0.94,0.9148936170212766,38364865,38364865,1.0,0.00262,TRUE,EF
347,BridgeAndVehicles-PT-V20P10N50,15,0.77,0.84,0.9166666666666667,4123760,4123760,1.0,0.078185,TRUE,AG
119,MultiCrashLeafsetExtension-PT-S16C07,11,43.46,47.12,0.9223259762308998,22726546,22726546,1.0,0.100058,TRUE,EF
16,MultiCrashLeafsetExtension-PT-S24C04,3,0.72,0.78,0.923076923076923,8427228,8427228,1.0,0.219524,FALSE,EF
47,MultiCrashLeafsetExtension-PT-S32C03,5,4.09,4.43,0.9232505643340858,3388351,3388351,1.0,0.5173,FALSE,AG
96,MultiCrashLeafsetExtension-PT-S16C04,2,21.57,23.31,0.9253539253539255,1136504,1136504,1.0,0.046597,TRUE,EF
14,MultiCrashLeafsetExtension-PT-S16C02,16,0.75,0.81,0.9259259259259258,28424,28424,1.0,0.022214,FALSE,EF
34,MultiCrashLeafsetExtension-PT-S24C02,14,0.52,0.56,0.9285714285714285,91589,91589,1.0,0.103365,TRUE,EF
351,BridgeAndVehicles-PT-V20P10N50,5,0.65,0.7,0.9285714285714287,31785879,31785879,1.0,0.071715,FALSE,AG
70,MultiCrashLeafsetExtension-PT-S24C02,10,4.03,4.34,0.9285714285714287,91578,91578,1.0,0.104936,TRUE,AG
64,MultiCrashLeafsetExtension-PT-S32C02,4,2.36,2.54,0.9291338582677164,211962,211962,1.0,0.343485,FALSE,EF
352,BridgeAndVehicles-PT-V20P10N50,4,2.77,2.98,0.9295302013422819,31785879,31785879,1.0,0.071347,TRUE,EF
33,MultiCrashLeafsetExtension-PT-S24C02,15,1.33,1.43,0.9300699300699301,91947,91947,1.0,0.102843,TRUE,AG
131,MultiCrashLeafsetExtension-PT-S16C06,12,60.55,65.08,0.9303933620159803,10764215,10764215,1.0,0.079416,FALSE,AG
124,MultiCrashLeafsetExtension-PT-S16C07,5,8.4,9.01,0.9322974472807992,22732085,22732085,1.0,0.099267,FALSE,AG
350,BridgeAndVehicles-PT-V20P10N50,6,2.07,2.22,0.9324324324324322,31785879,31785879,1.0,0.071253,TRUE,EF
100,MultiCrashLeafsetExtension-PT-S16C03,11,4.32,4.61,0.9370932754880694,226727,226727,1.0,0.032499,TRUE,AG
94,MultiCrashLeafsetExtension-PT-S16C04,9,3.14,3.35,0.9373134328358209,1135633,1135633,1.0,0.044819,TRUE,EF
192,SharedMemory-PT-000100,7,2.56,2.73,0.9377289377289377,19801,19801,1.0,7.08594,TRUE,AG
115,MultiCrashLeafsetExtension-PT-S16C07,15,56.0,59.59,0.9397549924483973,22689088,22689088,1.0,0.099625,FALSE,AG
92,MultiCrashLeafsetExtension-PT-S16C04,13,0.47,0.5,0.94,1135955,1135955,1.0,0.045156,FALSE,AG
121,MultiCrashLeafsetExtension-PT-S16C07,8,43.02,45.75,0.9403278688524591,22680359,22680359,1.0,0.100593,TRUE,EF
90,MultiCrashLeafsetExtension-PT-S16C04,15,21.64,22.99,0.9412788168769031,1135176,1135176,1.0,0.044711,TRUE,EF
218,PhilosophersDyn-PT-10,7,9.03,9.59,0.9416058394160584,617306,617306,1.0,0.034568,TRUE,AG
74,MultiCrashLeafsetExtension-PT-S24C02,5,1.32,1.4,0.942857142857143,91760,91760,1.0,0.107254,TRUE,EF
129,MultiCrashLeafsetExtension-PT-S16C06,14,267.93,283.91,0.9437145574301715,10789906,10789906,1.0,0.07011,TRUE,EF
91,MultiCrashLeafsetExtension-PT-S16C04,14,24.33,25.73,0.9455888068402643,1135141,1135141,1.0,0.044725,FALSE,EF
35,MultiCrashLeafsetExtension-PT-S24C02,13,0.7,0.74,0.9459459459459459,91639,91639,1.0,0.103407,FALSE,EF
473,DNAwalker-PT-09ringLR,12,191.04,201.83,0.9465391666253777,178950975,178950975,1.0,0.000245,TRUE,AG
80,MultiCrashLeafsetExtension-PT-S16C05,10,31.73,33.49,0.9474469991042102,4031461,4031461,1.0,0.059731,TRUE,EF
99,MultiCrashLeafsetExtension-PT-S16C03,12,4.88,5.15,0.9475728155339805,226614,226614,1.0,0.032325,TRUE,AG
68,MultiCrashLeafsetExtension-PT-S24C04,16,33.04,34.81,0.9491525423728813,8412840,8412840,1.0,0.220441,TRUE,EF
133,MultiCrashLeafsetExtension-PT-S16C06,9,206.29,217.31,0.9492890340987529,10781277,10781277,1.0,0.078508,TRUE,AG
21,MultiCrashLeafsetExtension-PT-S24C03,11,47.16,49.63,0.9502317146886963,1097594,1097594,1.0,0.155085,TRUE,AG
474,DNAwalker-PT-09ringLR,11,31.39,33.01,0.9509239624356256,11631235,11631235,1.0,0.000699,FALSE,EF
25,MultiCrashLeafsetExtension-PT-S24C03,7,48.64,51.12,0.9514866979655713,1097139,1097139,1.0,0.155148,TRUE,AG
18,MultiCrashLeafsetExtension-PT-S24C04,5,25.0,26.24,0.9527439024390244,8416214,8416214,1.0,0.219132,FALSE,AG
290,DNAwalker-PT-03track12BlockBoth,14,5.49,5.76,0.9531250000000001,15811,15811,1.0,6.9e-05,FALSE,EF
76,MultiCrashLeafsetExtension-PT-S16C05,15,94.06,98.64,0.9535685320356854,4023278,4023278,1.0,0.060087,FALSE,EF
135,MultiCrashLeafsetExtension-PT-S16C06,7,276.26,289.49,0.9542989395143182,10786847,10786847,1.0,0.078256,FALSE,AG
27,MultiCrashLeafsetExtension-PT-S24C03,5,51.01,53.42,0.9548858105578434,1097168,1097168,1.0,0.155237,TRUE,AG
49,MultiCrashLeafsetExtension-PT-S32C03,3,9.16,9.59,0.9551616266944735,3388268,3388268,1.0,0.526729,TRUE,EF
11,MultiCrashLeafsetExtension-PT-S24C03,15,41.72,43.64,0.9560036663611365,1097039,1097039,1.0,0.154126,FALSE,EF
32,MultiCrashLeafsetExtension-PT-S24C02,16,0.93,0.97,0.9587628865979382,91637,91637,1.0,0.103107,FALSE,EF
128,MultiCrashLeafsetExtension-PT-S16C06,15,10.3,10.74,0.9590316573556797,10799723,10799723,1.0,0.078527,FALSE,AG
138,MultiCrashLeafsetExtension-PT-S16C06,4,63.55,66.26,0.9591005131300935,10773228,10773228,1.0,0.077815,FALSE,AG
66,MultiCrashLeafsetExtension-PT-S32C02,2,18.65,19.4,0.961340206185567,211996,211996,1.0,0.340942,FALSE,EF
136,MultiCrashLeafsetExtension-PT-S16C06,6,2.02,2.1,0.9619047619047618,10773644,10773644,1.0,0.078423,FALSE,AG
439,GPPP-PT-C0001N0000000010,13,1.29,1.34,0.9626865671641791,944899,944899,1.0,5.9e-05,TRUE,AG
52,MultiCrashLeafsetExtension-PT-S32C02,16,12.5,12.98,0.963020030816641,212583,212583,1.0,0.3393,TRUE,EF
146,SatelliteMemory-PT-X03000Y0094,10,1.6,1.66,0.9638554216867471,67510505,67510505,1.0,3e-05,TRUE,EF
502,GPPP-PT-C0001N0000010000,12,2.15,2.23,0.9641255605381166,68122298,68122298,1.0,5e-05,FALSE,AG
78,MultiCrashLeafsetExtension-PT-S16C05,13,16.35,16.95,0.9646017699115046,4024026,4024026,1.0,0.059984,FALSE,AG
79,MultiCrashLeafsetExtension-PT-S16C05,12,4.41,4.57,0.9649890590809628,4024722,4024722,1.0,0.060039,FALSE,AG
87,MultiCrashLeafsetExtension-PT-S16C05,2,16.58,17.18,0.9650756693830034,4025790,4025790,1.0,0.060064,TRUE,EF
231,MultiCrashLeafsetExtension-PT-S32C03,16,16.52,17.09,0.9666471620830895,3387772,3387772,1.0,0.516498,TRUE,AG
397,BridgeAndVehicles-PT-V20P20N50,5,19.24,19.9,0.9668341708542714,34345799,34345799,1.0,0.071906,TRUE,EF
391,BridgeAndVehicles-PT-V50P50N10,15,22.49,23.25,0.9673118279569892,171927670,171927670,1.0,0.025174,TRUE,EF
247,PhilosophersDyn-PT-20,7,20.81,21.5,0.967906976744186,12961311,12961311,1.0,0.863255,FALSE,AG
481,DNAwalker-PT-08ringLL,16,31.06,32.07,0.968506392266916,176407915,176407915,1.0,0.000257,TRUE,EF
30,MultiCrashLeafsetExtension-PT-S24C03,2,35.84,37.0,0.9686486486486487,1097050,1097050,1.0,0.154346,TRUE,EF
320,DNAwalker-PT-07track28RR,6,105.47,108.85,0.9689480937069362,144612889,144612889,1.0,0.000761,TRUE,EF
395,BridgeAndVehicles-PT-V20P20N50,9,53.26,54.9,0.9701275045537341,4123760,4123760,1.0,0.076235,FALSE,EF
223,PhilosophersDyn-PT-10,1,3.65,3.76,0.9707446808510639,617306,617306,1.0,0.034501,TRUE,EF
103,MultiCrashLeafsetExtension-PT-S16C03,4,4.72,4.86,0.97119341563786,227368,227368,1.0,0.03189,TRUE,AG
10,MultiCrashLeafsetExtension-PT-S24C03,14,33.92,34.92,0.9713631156930126,1097076,1097076,1.0,0.153954,TRUE,EF
307,DNAwalker-PT-02track12Block2,3,4.41,4.54,0.9713656387665198,6849,6849,1.0,0.000191,TRUE,AG
53,MultiCrashLeafsetExtension-PT-S32C02,15,22.59,23.24,0.9720309810671257,212028,212028,1.0,0.340627,FALSE,EF
344,BridgeAndVehicles-PT-V20P20N10,13,6.4,6.57,0.9741248097412482,3575284,3575284,1.0,0.005003,TRUE,EF
392,BridgeAndVehicles-PT-V50P50N10,10,14.19,14.55,0.9752577319587628,171927670,171927670,1.0,0.025593,TRUE,EF
150,SatelliteMemory-PT-X03000Y0094,2,10.01,10.26,0.9756335282651072,67510505,67510505,1.0,4.2e-05,FALSE,AG
272,PolyORBLF-PT-S02J04T06,10,5.25,5.38,0.9758364312267658,37411117,37411117,1.0,0.002597,FALSE,AG
259,PolyORBLF-PT-S02J06T06,10,1.71,1.75,0.9771428571428571,67434205,67434205,1.0,0.003331,TRUE,EF
107,MultiCrashLeafsetExtension-PT-S16C06,2,0.87,0.89,0.9775280898876404,10813343,10813343,1.0,0.078373,FALSE,EF
111,MultiCrashLeafsetExtension-PT-S24C02,3,5.71,5.84,0.9777397260273972,91589,91589,1.0,0.104377,FALSE,EF
297,DNAwalker-PT-03track12BlockBoth,4,10.02,10.24,0.9785156249999999,15811,15811,1.0,6.8e-05,FALSE,EF
246,PhilosophersDyn-PT-20,6,34.41,35.12,0.9797835990888383,12961311,12961311,1.0,0.954947,FALSE,AG
465,DNAwalker-PT-10ringRL,5,225.02,229.37,0.9810350089375246,176407915,176407915,1.0,0.000262,TRUE,AG
108,MultiCrashLeafsetExtension-PT-S16C06,3,1.05,1.07,0.9813084112149533,10766423,10766423,1.0,0.078332,TRUE,AG
276,PolyORBLF-PT-S02J04T06,5,13.12,13.36,0.9820359281437125,40007929,40007929,1.0,0.002546,FALSE,EF
175,QuasiCertifProtocol-PT-10,8,2.76,2.81,0.9822064056939501,74308562,74308562,1.0,0.001122,FALSE,AG
292,DNAwalker-PT-03track12BlockBoth,11,6.17,6.28,0.982484076433121,6416,6416,1.0,0.000185,FALSE,EF
250,PolyORBLF-PT-S02J04T06,15,1.75,1.78,0.9831460674157303,38483662,38483662,1.0,0.002617,TRUE,EF
393,BridgeAndVehicles-PT-V20P20N50,16,47.58,48.35,0.9840744570837642,34345799,34345799,1.0,0.072226,FALSE,AG
291,DNAwalker-PT-03track12BlockBoth,13,8.1,8.23,0.9842041312272174,10121,10121,1.0,0.000193,FALSE,EF
58,MultiCrashLeafsetExtension-PT-S32C02,10,6.9,7.01,0.9843081312410843,211979,211979,1.0,0.339348,TRUE,AG
528,DoubleExponent-PT-003,3,5.15,5.23,0.9847036328871893,1274726,1250407,1.0194488674487587,0.000293,FALSE,EF
224,Philosophers-PT-000010,6,20.06,20.37,0.9847815414825724,459271,459271,1.0,4.6e-05,FALSE,AG
460,DNAwalker-PT-10ringRL,10,39.92,40.53,0.9849494201825808,12890281,12890281,1.0,0.000712,TRUE,AG
217,PhilosophersDyn-PT-10,8,12.45,12.64,0.9849683544303797,617306,617306,1.0,0.034577,FALSE,EF
308,DNAwalker-PT-02track12Block2,2,3.63,3.68,0.9864130434782608,6849,6849,1.0,0.000188,FALSE,EF
332,MultiCrashLeafsetExtension-PT-S16C02,12,0.73,0.74,0.9864864864864865,28428,28428,1.0,0.022282,TRUE,AG
485,DNAwalker-PT-10ringRL,13,138.75,140.55,0.9871931696905015,176407915,176407915,1.0,0.000251,FALSE,EF
284,DNAwalker-PT-04track28LL,10,10.03,10.16,0.9872047244094487,375734407,375734407,1.0,0.000771,FALSE,EF
9,MultiCrashLeafsetExtension-PT-S24C03,13,3.1,3.14,0.9872611464968153,1097139,1097139,1.0,0.15431,TRUE,EF
516,BusinessProcesses-PT-07,15,13.65,13.82,0.9876989869753979,11839873,11831553,1.0007032043891448,0.00059,TRUE,AG
416,MAPKbis-PT-5320,12,16.75,16.94,0.9887839433293978,48758786,48758786,1.0,0.000431,FALSE,EF
260,PolyORBLF-PT-S02J06T06,11,2.85,2.88,0.9895833333333334,67563805,67563805,1.0,0.003294,FALSE,AG
356,BridgeAndVehicles-PT-V20P10N20,3,10.46,10.57,0.989593188268685,31773043,31773043,1.0,0.013227,TRUE,EF
302,DNAwalker-PT-02track12Block2,12,5.97,6.03,0.990049751243781,6416,6416,1.0,0.000189,FALSE,EF
319,DNAwalker-PT-07track28RR,7,10.05,10.15,0.9901477832512315,255650707,255650707,1.0,0.000551,TRUE,AG
149,SatelliteMemory-PT-X03000Y0094,4,4.51,4.55,0.9912087912087912,185671699,185671699,1.0,3.2e-05,TRUE,EF
329,DNAwalker-PT-06track28RL,6,45.52,45.9,0.9917211328976036,217213855,217213855,1.0,0.000531,FALSE,AG
394,BridgeAndVehicles-PT-V20P20N50,15,61.16,61.67,0.9917301767472028,19359289,19359289,1.0,0.071726,FALSE,EF
389,BridgeAndVehicles-PT-V50P50N20,16,46.05,46.43,0.9918156364419556,275858241,275858241,1.0,0.081297,FALSE,AG
348,BridgeAndVehicles-PT-V20P10N50,9,210.82,212.5,0.9920941176470588,18079329,18079329,1.0,0.072698,TRUE,AG
405,GlobalResAllocation-PT-03,8,10.13,10.21,0.9921645445641528,61309,61309,1.0,0.036254,FALSE,EF
427,MAPKbis-PT-5320,11,16.87,17.0,0.9923529411764707,23117826,23117826,1.0,0.000422,TRUE,AG
243,Peterson-PT-3,4,10.6,10.68,0.9925093632958801,3722929,3722929,1.0,0.000523,FALSE,EF
255,PolyORBLF-PT-S02J06T06,4,7.34,7.39,0.993234100135318,94737001,94737001,1.0,0.003275,FALSE,AG
301,DNAwalker-PT-02track12Block2,15,6.0,6.04,0.9933774834437086,16653,16653,1.0,7.3e-05,TRUE,AG
375,DNAwalker-PT-01track12Block1,4,4.8,4.83,0.9937888198757764,12042,12042,1.0,6.9e-05,FALSE,EF
328,DNAwalker-PT-06track28RL,8,10.03,10.09,0.9940535183349851,335467739,335467739,1.0,0.000835,TRUE,AG
321,DNAwalker-PT-07track28RR,5,176.52,177.57,0.9940868389930733,230755064,230755064,1.0,0.00075,TRUE,AG
403,GlobalResAllocation-PT-03,4,10.1,10.16,0.9940944881889763,61309,61309,1.0,0.036139,TRUE,AG
278,PolyORBLF-PT-S02J04T06,7,1.8,1.81,0.994475138121547,37828705,37828705,1.0,0.002619,FALSE,AG
254,PolyORBLF-PT-S02J04T06,12,12.02,12.08,0.9950331125827814,37411117,37411117,1.0,0.002611,FALSE,AG
251,PolyORBLF-PT-S02J04T06,16,2.07,2.08,0.9951923076923076,53870161,53870161,1.0,0.002581,TRUE,EF
227,Peterson-PT-4,16,4.3,4.32,0.9953703703703702,24329781,24329781,1.0,0.000995,FALSE,AG
228,Peterson-PT-4,11,4.38,4.4,0.9954545454545454,23970621,23970621,1.0,0.00102,TRUE,EF
152,SatelliteMemory-PT-X01000Y0032,5,20.03,20.12,0.9955268389662028,20618551,20618551,1.0,4.2e-05,FALSE,AG
265,PolyORBLF-PT-S02J04T06,9,2.23,2.24,0.9955357142857142,37443697,37443697,1.0,0.002571,TRUE,EF
434,GPPP-PT-C0001N0000001000,4,20.01,20.09,0.9960179193628672,2515,2515,1.0,7.4e-05,FALSE,EF
288,DNAwalker-PT-04track28LL,2,105.72,106.07,0.9967002922598285,144465428,144465428,1.0,0.000751,TRUE,EF
411,JoinFreeModules-PT-0004,10,20.02,20.08,0.9970119521912352,1672141,1672141,1.0,5.1e-05,FALSE,AG
443,GPPP-PT-C0001N0000000001,9,20.09,20.15,0.9970223325062035,2878,2878,1.0,8.1e-05,TRUE,AG
503,DNAwalker-PT-11ringRR,14,51.94,52.09,0.99712036859282,19372723,19372723,1.0,0.000722,FALSE,EF
330,DNAwalker-PT-06track28RL,4,134.45,134.8,0.9974035608308603,203818725,203818725,1.0,0.000541,FALSE,EF
436,GPPP-PT-C0001N0000000100,16,4.38,4.39,0.9977220956719818,1435461,1435461,1.0,5.6e-05,FALSE,EF
294,DNAwalker-PT-03track12BlockBoth,8,4.81,4.82,0.9979253112033194,17268,17268,1.0,7.4e-05,FALSE,EF
229,Peterson-PT-4,3,29.46,29.52,0.9979674796747968,21066001,21066001,1.0,0.001,TRUE,AG
471,DNAwalker-PT-09ringLR,14,284.9,285.48,0.9979683340339076,196976933,196976933,1.0,0.00024,TRUE,AG
470,DNAwalker-PT-09ringLR,15,216.7,217.14,0.9979736575481256,197403653,197403653,1.0,0.000241,FALSE,EF
333,DNAwalker-PT-05track28LR,12,20.02,20.06,0.9980059820538385,155085797,155085797,1.0,0.000547,TRUE,EF
472,DNAwalker-PT-09ringLR,13,173.02,173.35,0.9980963368906837,188254723,188254723,1.0,0.000245,TRUE,AG
300,DNAwalker-PT-02track12Block2,16,6.0,6.01,0.9983361064891847,6416,6416,1.0,0.000189,FALSE,EF
430,GPPP-PT-C0001N0000010000,15,30.01,30.06,0.9983366600133068,2514,2514,1.0,7.7e-05,TRUE,AG
483,DNAwalker-PT-08ringLL,14,31.37,31.41,0.9987265202164916,17806056,17806056,1.0,0.000703,FALSE,EF
215,PhilosophersDyn-PT-20,1,35.93,35.97,0.9988879621907145,12961311,12961311,1.0,0.970347,TRUE,EF
293,DNAwalker-PT-03track12BlockBoth,10,9.69,9.7,0.9989690721649485,9076,9076,1.0,0.000197,FALSE,EF
455,GPPP-PT-C0001N0000000001,8,30.01,30.04,0.9990013315579228,1141,1141,1.0,7.7e-05,FALSE,EF
401,DNAwalker-PT-05track28LR,13,10.03,10.04,0.999003984063745,482853366,482853366,1.0,0.00077,FALSE,EF
340,DNAwalker-PT-01track12Block1,16,10.31,10.32,0.999031007751938,12042,12042,1.0,6.7e-05,TRUE,AG
463,DNAwalker-PT-10ringRL,7,195.9,196.05,0.9992348890589136,194700265,194700265,1.0,0.000249,FALSE,EF
441,GPPP-PT-C0001N0000000001,13,20.01,20.02,0.9995004995004996,1586,1586,1.0,7.9e-05,TRUE,AG
208,SharedMemory-PT-000005,6,20.04,20.05,0.999501246882793,10396,10396,1.0,5.6e-05,FALSE,AG
406,GlobalResAllocation-PT-03,11,20.05,20.06,0.9995014955134597,61309,61309,1.0,0.036281,TRUE,AG
469,DNAwalker-PT-10ringRL,1,20.08,20.09,0.9995022399203584,185635515,185635515,1.0,0.000247,TRUE,AG
315,DNAwalker-PT-08ringLL,1,41.75,41.77,0.9995211874551112,11757413,11757413,1.0,0.000702,FALSE,EF
318,DNAwalker-PT-07track28RR,9,71.3,71.33,0.9995794195990466,229579773,229579773,1.0,0.000545,TRUE,EF
468,DNAwalker-PT-10ringRL,2,177.93,177.97,0.9997752430184863,185635515,185635515,1.0,0.000253,TRUE,AG
461,DNAwalker-PT-10ringRL,9,191.02,191.04,0.9998953098827472,185437003,185437003,1.0,0.000254,TRUE,AG
499,DNAwalker-PT-12ringLLLarge,11,300.04,300.06,0.9999333466640006,757841481,757841481,1.0,0.000854,NONE,EF
252,PolyORBLF-PT-S02J06T06,2,300.09,300.11,0.999933357768818,67434205,67434205,1.0,0.003335,NONE,EF
390,BridgeAndVehicles-PT-V50P50N20,13,300.0,300.01,0.9999666677777408,271030410,271030410,1.0,0.083553,NONE,AG
495,DNAwalker-PT-14ringLRLarge,1,300.03,300.04,0.9999666711105184,764788707,764788707,1.0,0.000857,NONE,AG
497,DNAwalker-PT-13ringRLLarge,13,300.03,300.04,0.9999666711105184,841282912,841282912,1.0,0.000853,NONE,EF
118,MultiCrashLeafsetExtension-PT-S16C07,12,300.04,300.05,0.9999666722212964,22681470,22681470,1.0,0.099362,NONE,AG
496,DNAwalker-PT-13ringRLLarge,14,300.04,300.05,0.9999666722212964,757841481,757841481,1.0,0.00086,NONE,EF
510,DNAwalker-PT-12ringLLLarge,5,300.04,300.05,0.9999666722212964,757689713,757689713,1.0,0.000857,NONE,EF
493,DNAwalker-PT-14ringLRLarge,13,300.04,300.05,0.9999666722212964,757747304,757747304,1.0,0.000841,NONE,EF
498,DNAwalker-PT-12ringLLLarge,14,300.04,300.05,0.9999666722212964,757719925,757719925,1.0,0.000847,NONE,EF
264,PolyORBLF-PT-S02J04T06,11,300.08,300.09,0.9999666766636676,37411117,37411117,1.0,0.002621,NONE,AG
275,PolyORBLF-PT-S02J04T06,3,300.09,300.1,0.9999666777740751,37689997,37689997,1.0,0.002604,NONE,AG
438,GPPP-PT-C0001N0000000100,9,20.01,20.01,1.0,2846782,2846782,1.0,5.7e-05,TRUE,EF
377,DNAwalker-PT-01track12Block1,2,10.03,10.03,1.0,10964,10964,1.0,6.9e-05,FALSE,EF
478,DNAwalker-PT-09ringLR,4,20.06,20.06,1.0,197591799,197591799,1.0,0.000247,FALSE,AG
433,GPPP-PT-C0001N0000001000,15,20.01,20.01,1.0,13744,13744,1.0,7.9e-05,FALSE,AG
287,DNAwalker-PT-04track28LL,4,300.06,300.06,1.0,435517643,435517643,1.0,0.000554,NONE,EF
262,PolyORBLF-PT-S02J06T06,5,4.96,4.96,1.0,83153965,83153965,1.0,0.003309,FALSE,EF
181,TokenRing-PT-015,11,300.01,300.01,1.0,265182781,265182781,1.0,0.005189,NONE,AG
245,PhilosophersDyn-PT-20,5,300.0,300.0,1.0,12961311,12961311,1.0,0.865114,NONE,AG
213,PhilosophersDyn-PT-20,3,300.0,300.0,1.0,12961311,12961311,1.0,0.86601,NONE,AG
314,DNAwalker-PT-08ringLL,2,31.09,31.09,1.0,11631384,11631384,1.0,0.000698,TRUE,AG
271,PhilosophersDyn-PT-20,14,300.0,300.0,1.0,12961311,12961311,1.0,0.895365,NONE,EF
270,PhilosophersDyn-PT-20,13,300.0,300.0,1.0,12961311,12961311,1.0,0.893317,NONE,AG
160,ResAllocation-PT-R020C002,11,0.64,0.64,1.0,6668289,6668289,1.0,0.000143,TRUE,EF
269,PhilosophersDyn-PT-20,12,300.0,300.0,1.0,12961311,12961311,1.0,0.946494,NONE,AG
267,PhilosophersDyn-PT-20,9,300.0,300.0,1.0,12961311,12961311,1.0,0.912608,NONE,EF
279,PolyORBLF-PT-S02J04T06,8,300.07,300.07,1.0,44534389,44534389,1.0,0.002615,NONE,EF
494,DNAwalker-PT-14ringLRLarge,9,300.04,300.04,1.0,757830394,757830394,1.0,0.000839,NONE,EF
210,PolyORBLF-PT-S02J06T06,15,1.85,1.85,1.0,67533835,67533835,1.0,0.003364,FALSE,AG
500,DNAwalker-PT-12ringLLLarge,10,300.03,300.03,1.0,841282912,841282912,1.0,0.000852,NONE,EF
492,DNAwalker-PT-15ringRRLarge,7,300.04,300.04,1.0,757719925,757719925,1.0,0.000846,NONE,EF
148,SatelliteMemory-PT-X03000Y0094,7,3.07,3.07,1.0,185671699,185671699,1.0,3.5e-05,TRUE,EF
298,DNAwalker-PT-03track12BlockBoth,3,33.15,33.15,1.0,15811,15811,1.0,6.7e-05,FALSE,EF
342,DNAwalker-PT-01track12Block1,12,10.01,10.01,1.0,12042,12042,1.0,6.8e-05,FALSE,EF
309,DNAwalker-PT-04track28LL,14,300.05,300.05,1.0,246988215,246988215,1.0,0.000568,NONE,EF
277,PolyORBLF-PT-S02J04T06,6,1.21,1.21,1.0,41595637,41595637,1.0,0.002618,TRUE,EF
125,MultiCrashLeafsetExtension-PT-S16C07,3,300.05,300.04,1.0000333288894814,22679104,22679104,1.0,0.099826,NONE,AG
39,MultiCrashLeafsetExtension-PT-S24C04,9,300.03,300.02,1.0000333311112592,8411376,8411376,1.0,0.22065,NONE,AG
179,TokenRing-PT-015,15,300.01,300.0,1.0000333333333333,265182781,265182781,1.0,0.005123,NONE,AG
477,DNAwalker-PT-09ringLR,6,31.45,31.44,1.0003180661577606,11631915,11631915,1.0,0.000704,TRUE,AG
482,DNAwalker-PT-08ringLL,15,31.33,31.32,1.0003192848020435,11632086,11632086,1.0,0.000703,TRUE,AG
289,DNAwalker-PT-03track12BlockBoth,15,30.03,30.02,1.0003331112591607,17268,17268,1.0,7.2e-05,TRUE,AG
303,DNAwalker-PT-02track12Block2,9,30.03,30.02,1.0003331112591607,18507,18507,1.0,7.5e-05,TRUE,AG
444,GPPP-PT-C0001N0000000001,1,20.04,20.03,1.0004992511233148,2878,2878,1.0,8.2e-05,TRUE,AG
475,DNAwalker-PT-09ringLR,10,20.04,20.03,1.0004992511233148,178950975,178950975,1.0,0.000244,TRUE,AG
415,MAPKbis-PT-5320,4,42.63,42.6,1.0007042253521128,48758786,48758786,1.0,0.000441,TRUE,AG
313,DNAwalker-PT-08ringLL,5,185.32,185.18,1.0007560211685926,185443203,185443203,1.0,0.000242,FALSE,EF
507,DNAwalker-PT-11ringRR,9,183.97,183.83,1.0007615731926236,178950975,178950975,1.0,0.000255,TRUE,AG
295,DNAwalker-PT-03track12BlockBoth,7,30.63,30.6,1.0009803921568627,17268,17268,1.0,7.4e-05,FALSE,EF
216,PhilosophersDyn-PT-10,10,10.1,10.09,1.0009910802775024,617306,617306,1.0,0.035684,FALSE,EF
299,DNAwalker-PT-03track12BlockBoth,1,10.04,10.03,1.0009970089730806,14022,14022,1.0,0.000193,FALSE,EF
153,SatelliteMemory-PT-X01000Y0032,2,20.06,20.04,1.0009980039920159,20618551,20618551,1.0,3.8e-05,TRUE,EF
484,DNAwalker-PT-10ringRL,12,10.03,10.02,1.0009980039920159,194452101,194452101,1.0,0.000254,FALSE,EF
538,ShieldRVt-PT-005B,11,30.05,30.02,1.0009993337774816,189465601,126842881,1.4937030719130386,0.000435,FALSE,AG
334,DNAwalker-PT-05track28LR,11,243.75,243.49,1.00106780565937,383380498,383380498,1.0,0.000566,TRUE,AG
273,PhilosophersDyn-PT-20,15,131.21,131.07,1.001068131532769,12961311,12961311,1.0,0.901905,FALSE,AG
505,DNAwalker-PT-11ringRR,6,136.47,136.31,1.0011737950260435,178950975,178950975,1.0,0.000253,TRUE,AG
509,DNAwalker-PT-11ringRR,12,31.31,31.27,1.0012791813239525,11631235,11631235,1.0,0.000706,FALSE,EF
459,DNAwalker-PT-10ringRL,11,31.28,31.24,1.001280409731114,11631753,11631753,1.0,0.000717,FALSE,EF
508,DNAwalker-PT-11ringRR,10,184.61,184.36,1.0013560425254937,197591799,197591799,1.0,0.000249,FALSE,EF
448,GPPP-PT-C0001N0000010000,14,35.36,35.31,1.0014160294534125,68122298,68122298,1.0,6.4e-05,TRUE,AG
504,DNAwalker-PT-11ringRR,4,195.03,194.74,1.0014891650405668,188382675,188382675,1.0,0.000255,FALSE,EF
358,BridgeAndVehicles-PT-V20P10N10,14,23.47,23.43,1.0017072129748186,23489217,23489217,1.0,0.004296,TRUE,AG
304,DNAwalker-PT-02track12Block2,8,17.38,17.35,1.0017291066282419,16653,16653,1.0,7.3e-05,FALSE,EF
407,DNAwalker-PT-08ringLL,8,31.15,31.09,1.0019298809906723,17806056,17806056,1.0,0.000709,FALSE,EF
305,DNAwalker-PT-02track12Block2,7,9.67,9.65,1.0020725388601035,9076,9076,1.0,0.0002,FALSE,EF
310,DNAwalker-PT-04track28LL,15,300.03,299.36,1.0022381079636558,155085797,155085797,1.0,0.000537,NONE,AG
402,DNAwalker-PT-08ringLL,9,8.43,8.41,1.0023781212841854,176407915,176407915,1.0,0.000243,FALSE,AG
211,PolyORBLF-PT-S02J06T06,14,11.09,11.06,1.0027124773960217,67610521,67610521,1.0,0.003299,FALSE,AG
374,DNAwalker-PT-01track12Block1,5,7.19,7.17,1.0027894002789401,12042,12042,1.0,6.8e-05,FALSE,EF
191,ShieldRVs-PT-001B,4,10.05,10.02,1.002994011976048,376,376,1.0,9.8e-05,FALSE,EF
306,DNAwalker-PT-02track12Block2,4,6.68,6.66,1.003003003003003,16653,16653,1.0,7.3e-05,TRUE,AG
316,DNAwalker-PT-07track28RR,16,170.83,170.31,1.0030532558276086,201926473,201926473,1.0,0.000818,FALSE,AG
274,PolyORBLF-PT-S02J04T06,2,3.15,3.14,1.003184713375796,38941645,38941645,1.0,0.00261,FALSE,AG
487,DNAwalker-PT-11ringRR,2,31.11,31.0,1.003548387096774,11631384,11631384,1.0,0.000709,FALSE,EF
222,PhilosophersDyn-PT-10,2,29.64,29.53,1.0037250253979004,617306,617306,1.0,0.034548,TRUE,AG
331,DNAwalker-PT-06track28RL,1,69.08,68.82,1.003777971519907,228485578,228485578,1.0,0.000764,TRUE,EF
338,DNAwalker-PT-05track28LR,5,186.57,185.84,1.0039281102023245,257905335,257905335,1.0,0.000543,FALSE,AG
221,PhilosophersDyn-PT-10,4,7.6,7.57,1.0039630118890355,617306,617306,1.0,0.034489,FALSE,AG
324,DNAwalker-PT-06track28RL,15,221.12,220.22,1.0040868222686405,253185805,253185805,1.0,0.000527,TRUE,AG
479,DNAwalker-PT-09ringLR,2,267.82,266.64,1.0044254425442545,188264221,188264221,1.0,0.000247,FALSE,EF
326,DNAwalker-PT-06track28RL,14,221.59,220.61,1.004442228366801,231680489,231680489,1.0,0.00056,FALSE,EF
464,DNAwalker-PT-10ringRL,6,190.91,190.05,1.0045251249671139,185017633,185017633,1.0,0.000251,FALSE,EF
501,DNAwalker-PT-10ringRL,14,57.43,57.17,1.0045478397761063,29396584,29396584,1.0,0.000718,TRUE,AG
466,DNAwalker-PT-10ringRL,4,6.11,6.08,1.004934210526316,185401029,185401029,1.0,0.000258,FALSE,AG
178,TriangularGrid-PT-1200,14,20.12,20.02,1.0049950049950052,566713,566713,1.0,2.9e-05,TRUE,EF
286,DNAwalker-PT-04track28LL,5,163.72,162.87,1.0052188862282803,144648940,144648940,1.0,0.000751,FALSE,EF
256,PolyORBLF-PT-S02J06T06,6,1.89,1.88,1.0053191489361701,67973665,67973665,1.0,0.003337,TRUE,EF
325,DNAwalker-PT-02track12Block2,1,7.41,7.37,1.005427408412483,18168,18168,1.0,7.6e-05,TRUE,AG
312,DNAwalker-PT-05track28LR,1,263.64,262.16,1.0056454073848031,151848497,151848497,1.0,0.000542,FALSE,EF
467,DNAwalker-PT-10ringRL,3,185.44,184.39,1.0056944519767883,176407915,176407915,1.0,0.000258,TRUE,AG
327,DNAwalker-PT-06track28RL,10,68.38,67.97,1.0060320729733705,245427908,245427908,1.0,0.000759,FALSE,AG
476,DNAwalker-PT-09ringLR,8,128.13,127.29,1.0065991044072589,178950975,178950975,1.0,0.000245,FALSE,EF
337,DNAwalker-PT-05track28LR,6,79.18,78.66,1.006610729722858,299930170,299930170,1.0,0.000764,FALSE,AG
220,PhilosophersDyn-PT-10,5,8.81,8.75,1.006857142857143,617306,617306,1.0,0.034628,FALSE,EF
341,DNAwalker-PT-01track12Block1,13,4.39,4.36,1.006880733944954,6849,6849,1.0,0.000183,TRUE,AG
285,DNAwalker-PT-04track28LL,8,162.95,161.79,1.007169787996786,144655680,144655680,1.0,0.000746,FALSE,EF
323,DNAwalker-PT-07track28RR,1,262.18,260.3,1.0072224356511716,151848497,151848497,1.0,0.00054,FALSE,EF
370,DNAwalker-PT-08ringLL,6,241.15,239.4,1.0073099415204678,185437003,185437003,1.0,0.000245,TRUE,AG
486,DNAwalker-PT-10ringRL,8,31.68,31.45,1.0073131955484897,11631235,11631235,1.0,0.00071,TRUE,AG
400,DNAwalker-PT-08ringLL,7,181.57,180.22,1.0074908445233604,176407915,176407915,1.0,0.000245,FALSE,EF
317,DNAwalker-PT-07track28RR,10,52.17,51.73,1.008505702687029,250101621,250101621,1.0,0.000534,TRUE,EF
480,DNAwalker-PT-09ringLR,1,128.67,127.56,1.0087017873941673,178950975,178950975,1.0,0.000256,FALSE,EF
335,DNAwalker-PT-05track28LR,10,36.95,36.62,1.0090114691425451,593780746,593780746,1.0,0.000559,TRUE,EF
511,DNAwalker-PT-11ringRR,15,10.12,10.02,1.0099800399201597,178950975,178950975,1.0,0.000248,FALSE,EF
242,PermAdmissibility-PT-01,7,2.99,2.96,1.0101351351351353,17857,17857,1.0,0.001514,TRUE,AG
404,GlobalResAllocation-PT-03,6,10.35,10.24,1.0107421875,61309,61309,1.0,0.036458,FALSE,EF
249,PolyORBLF-PT-S02J04T06,14,7.21,7.13,1.0112201963534362,38484187,38484187,1.0,0.002598,FALSE,AG
346,BridgeAndVehicles-PT-V20P20N10,1,21.15,20.91,1.011477761836442,23489217,23489217,1.0,0.004233,TRUE,AG
398,BridgeAndVehicles-PT-V20P20N50,2,0.85,0.84,1.0119047619047619,34345799,34345799,1.0,0.07304,FALSE,AG
440,GPPP-PT-C0001N0000000010,1,0.75,0.74,1.0135135135135136,5400,5400,1.0,8.9e-05,TRUE,AG
41,MultiCrashLeafsetExtension-PT-S24C04,12,2.09,2.06,1.0145631067961165,8416722,8416722,1.0,0.220627,FALSE,EF
180,TokenRing-PT-015,13,68.72,67.71,1.0149165559001625,265182781,265182781,1.0,0.005096,TRUE,AG
376,DNAwalker-PT-01track12Block1,3,7.46,7.35,1.014965986394558,12042,12042,1.0,6.7e-05,TRUE,AG
190,SimpleLoadBal-PT-02,15,10.16,10.01,1.014985014985015,1443,1443,1.0,0.0001,TRUE,EF
151,SatelliteMemory-PT-X01500Y0046,5,48.96,48.19,1.0159784187590788,46503907,46503907,1.0,3.7e-05,TRUE,AG
311,DNAwalker-PT-04track28LL,16,131.7,129.61,1.0161252989738445,198838593,198838593,1.0,0.000748,FALSE,EF
506,DNAwalker-PT-11ringRR,7,145.44,143.12,1.0162101732811626,197403653,197403653,1.0,0.000251,TRUE,AG
189,SimpleLoadBal-PT-10,8,41.04,40.38,1.0163447251114412,12182968,12182968,1.0,0.002439,TRUE,AG
373,DNAwalker-PT-01track12Block1,10,3.59,3.53,1.0169971671388103,6416,6416,1.0,0.000196,FALSE,EF
157,SafeBus-PT-06,2,115.77,113.79,1.0174004745583969,29904913,29904913,1.0,0.000862,TRUE,AG
147,SatelliteMemory-PT-X03000Y0094,9,1.59,1.56,1.0192307692307692,67510505,67510505,1.0,3.2e-05,FALSE,AG
345,BridgeAndVehicles-PT-V20P20N10,8,0.5,0.49,1.0204081632653061,23489217,23489217,1.0,0.002126,FALSE,AG
185,TokenRing-PT-010,9,0.97,0.95,1.0210526315789474,294051,294051,1.0,0.001189,TRUE,EF
417,MAPKbis-PT-5320,16,20.5,20.07,1.0214250124564026,23363586,23363586,1.0,0.000439,TRUE,AG
396,BridgeAndVehicles-PT-V20P20N50,8,1.71,1.67,1.0239520958083832,4372779,4372779,1.0,0.072501,TRUE,EF
258,PolyORBLF-PT-S02J06T06,9,1.66,1.62,1.0246913580246912,67675321,67675321,1.0,0.003365,TRUE,AG
43,MultiCrashLeafsetExtension-PT-S32C03,9,11.18,10.89,1.0266299357208448,3389759,3389759,1.0,0.536093,TRUE,EF
353,BridgeAndVehicles-PT-V20P10N20,9,1.8,1.75,1.0285714285714287,18072593,18072593,1.0,0.01412,TRUE,EF
212,PolyORBLF-PT-S02J06T06,13,11.25,10.93,1.029277218664227,67541596,67541596,1.0,0.003344,TRUE,EF
38,MultiCrashLeafsetExtension-PT-S24C03,9,0.68,0.66,1.0303030303030303,1097050,1097050,1.0,0.1572,FALSE,EF
20,MultiCrashLeafsetExtension-PT-S24C04,7,1.25,1.21,1.0330578512396695,8438750,8438750,1.0,0.218376,FALSE,EF
61,MultiCrashLeafsetExtension-PT-S32C02,7,3.77,3.62,1.0414364640883977,211962,211962,1.0,0.343288,FALSE,EF
535,DoubleExponent-PT-003,8,5.15,4.94,1.04251012145749,1360465,1272859,1.0688261622064974,0.000389,TRUE,AG
117,MultiCrashLeafsetExtension-PT-S16C07,13,1.19,1.14,1.0438596491228072,22711809,22711809,1.0,0.099679,TRUE,EF
24,MultiCrashLeafsetExtension-PT-S24C03,8,1.34,1.28,1.046875,1097352,1097352,1.0,0.153789,TRUE,EF
77,MultiCrashLeafsetExtension-PT-S16C05,14,0.66,0.63,1.0476190476190477,4024910,4024910,1.0,0.060104,TRUE,AG
123,MultiCrashLeafsetExtension-PT-S24C02,8,0.57,0.54,1.0555555555555554,91604,91604,1.0,0.103394,FALSE,EF
339,DNAwalker-PT-06track28RL,12,140.46,132.52,1.0599154844551766,142843408,142843408,1.0,0.000535,TRUE,AG
336,DNAwalker-PT-05track28LR,7,42.77,40.22,1.06340129288911,213528706,213528706,1.0,0.000752,FALSE,AG
98,MultiCrashLeafsetExtension-PT-S16C03,14,0.63,0.59,1.0677966101694916,226834,226834,1.0,0.032612,TRUE,AG
176,ServersAndClients-PT-100160,13,0.52,0.48,1.0833333333333335,16363,16363,1.0,0.224951,TRUE,EF
67,MultiCrashLeafsetExtension-PT-S32C02,1,2.03,1.87,1.085561497326203,211980,211980,1.0,0.339165,FALSE,EF
62,MultiCrashLeafsetExtension-PT-S32C02,6,7.02,6.44,1.0900621118012421,211977,211977,1.0,0.34548,FALSE,EF
214,PhilosophersDyn-PT-20,2,0.57,0.52,1.096153846153846,12961311,12961311,1.0,0.865921,FALSE,EF
368,ASLink-PT-01a,12,3.85,3.51,1.096866096866097,35136997,35136997,1.0,0.002727,FALSE,AG
116,MultiCrashLeafsetExtension-PT-S16C07,14,0.54,0.49,1.1020408163265307,22699508,22699508,1.0,0.098767,FALSE,EF
57,MultiCrashLeafsetExtension-PT-S32C02,12,1.9,1.72,1.1046511627906976,211962,211962,1.0,0.355012,TRUE,AG
280,PhilosophersDyn-PT-20,16,0.84,0.76,1.1052631578947367,12961311,12961311,1.0,0.957235,TRUE,EF
69,MultiCrashLeafsetExtension-PT-S24C04,15,0.63,0.57,1.105263157894737,8416827,8416827,1.0,0.222905,TRUE,AG
60,MultiCrashLeafsetExtension-PT-S32C02,8,8.34,7.51,1.1105193075898803,212375,212375,1.0,0.341886,FALSE,EF
253,PolyORBLF-PT-S02J06T06,3,1.29,1.16,1.1120689655172415,67434205,67434205,1.0,0.003342,FALSE,AG
72,MultiCrashLeafsetExtension-PT-S32C02,11,4.52,4.05,1.1160493827160494,211962,211962,1.0,0.342818,TRUE,AG
120,MultiCrashLeafsetExtension-PT-S16C07,9,0.56,0.5,1.12,22693647,22693647,1.0,0.099983,FALSE,EF
26,MultiCrashLeafsetExtension-PT-S24C04,8,1.72,1.53,1.1241830065359477,8413322,8413322,1.0,0.229258,TRUE,AG
518,BusinessProcesses-PT-07,7,17.38,15.12,1.1494708994708995,114301697,114128641,1.0015163240224687,0.000615,FALSE,AG
261,PolyORBLF-PT-S02J06T06,12,0.56,0.48,1.1666666666666667,67434205,67434205,1.0,0.003324,TRUE,EF
46,MultiCrashLeafsetExtension-PT-S32C03,6,2.19,1.87,1.1711229946524062,3388041,3388041,1.0,0.519168,FALSE,AG
184,TokenRing-PT-010,14,0.75,0.64,1.171875,294051,294051,1.0,0.001193,FALSE,AG
37,MultiCrashLeafsetExtension-PT-S24C02,11,3.28,2.79,1.1756272401433692,91658,91658,1.0,0.103185,TRUE,AG
17,MultiCrashLeafsetExtension-PT-S24C04,4,1.06,0.9,1.1777777777777778,8415998,8415998,1.0,0.221626,TRUE,AG
244,NeighborGrid-PT-d5n4m1t35,7,3.17,2.63,1.2053231939163498,200280065,200280065,1.0,300.0,FALSE,AG
205,ServersAndClients-PT-400080,9,0.86,0.71,1.2112676056338028,32884,32884,1.0,0.667953,FALSE,EF
357,BridgeAndVehicles-PT-V20P10N20,1,0.5,0.41,1.2195121951219512,31773043,31773043,1.0,0.006584,FALSE,EF
268,PhilosophersDyn-PT-20,11,0.62,0.5,1.24,12961311,12961311,1.0,0.948646,FALSE,EF
42,MultiCrashLeafsetExtension-PT-S32C03,10,2.49,1.97,1.2639593908629443,3388869,3388869,1.0,0.520814,FALSE,AG
110,MultiCrashLeafsetExtension-PT-S32C03,11,4.45,3.52,1.2642045454545454,3387772,3387772,1.0,0.526759,FALSE,EF
122,MultiCrashLeafsetExtension-PT-S16C07,6,1.37,1.08,1.2685185185185186,22695619,22695619,1.0,0.099448,TRUE,EF
540,UtahNoC-PT-none,13,136.58,106.45,1.2830436824800378,144644737,81135725,1.7827502866339089,0.006224,FALSE,AG
55,MultiCrashLeafsetExtension-PT-S32C02,13,0.69,0.53,1.3018867924528301,212030,212030,1.0,0.340526,TRUE,AG
257,PolyORBLF-PT-S02J06T06,7,0.9,0.69,1.3043478260869568,67852165,67852165,1.0,0.003329,TRUE,EF
63,MultiCrashLeafsetExtension-PT-S32C02,5,4.54,3.47,1.3083573487031699,211962,211962,1.0,0.34443,FALSE,EF
238,NeighborGrid-PT-d5n4m1t35,9,4.53,3.46,1.3092485549132948,200280065,200280065,1.0,300.0,TRUE,EF
522,ASLink-PT-01a,5,1.14,0.87,1.3103448275862069,47479739,47349724,1.0027458449388216,0.001634,TRUE,AG
240,NeighborGrid-PT-d5n4m1t35,13,3.95,3.01,1.3122923588039868,200280065,200280065,1.0,300.0,TRUE,EF
349,BridgeAndVehicles-PT-V20P10N50,7,1.46,1.1,1.3272727272727272,31785879,31785879,1.0,0.071723,TRUE,AG
193,SharedMemory-PT-000050,5,0.56,0.41,1.3658536585365855,4901,4901,1.0,0.313394,TRUE,AG
59,MultiCrashLeafsetExtension-PT-S32C02,9,0.89,0.64,1.390625,212043,212043,1.0,0.356896,FALSE,EF
239,NeighborGrid-PT-d5n4m1t35,12,5.1,3.64,1.401098901098901,200280065,200280065,1.0,300.0,TRUE,EF
29,MultiCrashLeafsetExtension-PT-S24C03,3,5.25,3.65,1.4383561643835616,1100227,1100227,1.0,0.152947,TRUE,AG
371,BridgeAndVehicles-PT-V20P20N20,11,2.04,1.38,1.4782608695652175,4123042,4123042,1.0,0.01521,FALSE,AG
139,MultiCrashLeafsetExtension-PT-S16C07,4,0.61,0.41,1.4878048780487805,22686083,22686083,1.0,0.099754,FALSE,EF
140,MultiCrashLeafsetExtension-PT-S24C02,4,1.78,1.1,1.6181818181818182,91653,91653,1.0,0.102608,TRUE,AG
539,CloudDeployment-PT-4a,16,9.07,5.54,1.6371841155234657,9710086,5499474,1.7656390411155685,0.0051,TRUE,AG
28,MultiCrashLeafsetExtension-PT-S24C03,4,1.06,0.63,1.6825396825396826,1097216,1097216,1.0,0.155291,FALSE,AG
541,CloudDeployment-PT-5a,10,120.76,67.23,1.796221924735981,463833046,229431505,2.0216623954935917,0.006772,TRUE,EF
44,MultiCrashLeafsetExtension-PT-S32C03,8,1.74,0.92,1.891304347826087,3388012,3388012,1.0,0.512751,FALSE,EF
529,ASLink-PT-01b,1,4.17,2.17,1.9216589861751152,53044546,51732664,1.025358871911178,0.002333,FALSE,AG
134,MultiCrashLeafsetExtension-PT-S16C06,8,0.61,0.28,2.1785714285714284,10763721,10763721,1.0,0.078042,TRUE,AG
546,CloudDeployment-PT-2b,5,0.62,0.26,2.3846153846153846,17770126,5062042,3.5104659344983706,0.004216,FALSE,AG
530,ASLink-PT-01b,15,0.74,0.31,2.3870967741935485,136141919,131438923,1.0357808470478718,0.00297,TRUE,AG
54,MultiCrashLeafsetExtension-PT-S32C02,14,1.46,0.61,2.3934426229508197,211962,211962,1.0,0.344662,FALSE,EF
521,ASLink-PT-01a,7,2.56,1.03,2.4854368932038833,35551509,35454491,1.0027364093310491,0.002723,TRUE,AG
533,ASLink-PT-01b,5,2.9,1.16,2.5,46020435,44131183,1.042809910624875,0.002956,FALSE,AG
202,ServersAndClients-PT-200320,11,0.51,0.18,2.8333333333333335,2207,2207,1.0,90.6089,FALSE,EF
552,CloudReconfiguration-PT-310,2,1.79,0.46,3.891304347826087,9214661,1107099,8.323249320973101,0.023083,FALSE,EF
143,ServersAndClients-PT-100040,16,0.54,0.13,4.153846153846154,806,806,1.0,0.229849,TRUE,AG
551,CloudReconfiguration-PT-305,2,1.33,0.29,4.586206896551725,4581864,560494,8.174688756703908,0.030176,TRUE,AG
183,TokenRing-PT-015,6,0.98,0.21,4.666666666666667,265182781,265182781,1.0,0.00505,FALSE,EF
199,ServersAndClients-PT-200160,11,0.68,0.14,4.857142857142857,1405,1405,1.0,21.7762,TRUE,AG
554,CloudReconfiguration-PT-306,15,1.51,0.31,4.870967741935484,1592715,175837,9.05790590148831,0.031059,TRUE,AG
200,ServersAndClients-PT-200160,12,0.69,0.14,4.928571428571428,802,802,1.0,22.5983,FALSE,EF
201,ServersAndClients-PT-100160,14,0.6,0.12,5.0,907,907,1.0,5.06107,TRUE,EF
558,CloudReconfiguration-PT-401,9,22.61,4.25,5.32,676642198,45914519,14.73699850803185,0.084892,FALSE,AG
209,ServersAndClients-PT-200320,13,0.64,0.12,5.333333333333334,1807,1807,1.0,91.1152,FALSE,EF
207,ServersAndClients-PT-400160,7,0.59,0.11,5.363636363636363,4409,4409,1.0,85.3708,FALSE,EF
195,ServersAndClients-PT-100160,16,0.55,0.1,5.5,907,907,1.0,5.05584,FALSE,EF
233,NQueens-PT-30,1,1.07,0.19,5.631578947368421,2,2,1.0,0.001621,FALSE,EF
194,SharedMemory-PT-000020,16,0.57,0.1,5.699999999999999,167,167,1.0,0.006128,TRUE,AG
553,CloudReconfiguration-PT-310,5,13.85,2.29,6.048034934497816,10781189,1286932,8.377434860583154,0.039864,TRUE,AG
542,CloudDeployment-PT-5a,1,0.82,0.12,6.833333333333333,277793213,120911751,2.2974873054315457,0.006831,FALSE,EF
182,TokenRing-PT-015,10,0.62,0.09,6.888888888888889,265182781,265182781,1.0,0.005076,TRUE,AG
555,CloudReconfiguration-PT-303,13,1.46,0.2,7.3,1251141,127025,9.849565046250738,0.030498,FALSE,EF
556,CloudReconfiguration-PT-311,7,3.61,0.44,8.204545454545455,2812376,273198,10.29427741052277,0.032629,FALSE,EF
557,CloudReconfiguration-PT-314,2,6.74,0.82,8.219512195121952,5689606,538347,10.568659247659966,0.036516,TRUE,AG
177,ServersAndClients-PT-100160,15,0.51,0.06,8.5,1512,1512,1.0,4.73834,TRUE,AG
380,CloudOpsManagement-PT-00005by00002,1,0.69,0.08,8.625,3835087,3835087,1.0,6.9e-05,TRUE,AG
198,ServersAndClients-PT-200080,14,0.53,0.06,8.833333333333334,1606,1606,1.0,4.78978,TRUE,AG
206,ServersAndClients-PT-400080,11,0.51,0.05,10.2,1602,1602,1.0,22.3708,TRUE,AG
196,ServersAndClients-PT-100320,14,0.92,0.09,10.222222222222223,1109,1109,1.0,21.8737,TRUE,EF
548,CloudDeployment-PT-6a,1,0.76,0.07,10.857142857142856,174311315,40133391,4.343298950243203,0.012074,TRUE,AG
559,HealthRecord-PT-07,9,4.15,0.14,29.642857142857142,13204078,118548,111.38170192664575,0.003561,FALSE,AG
561,HealthRecord-PT-10,12,4.5,0.14,32.14285714285714,846671867,159651,5303.266919718636,0.002274,FALSE,AG
547,CloudDeployment-PT-2b,14,0.75,0.02,37.5,9745796,2713480,3.591622565856391,0.004243,TRUE,EF
550,CloudReconfiguration-PT-302,8,2.68,0.06,44.66666666666667,6291726,864589,7.277129364356937,0.030194,FALSE,AG
232,NQueens-PT-20,1,1.06,0.02,53.0,123,123,1.0,0.000657,TRUE,EF
560,HealthRecord-PT-07,14,3.8,0.06,63.333333333333336,56294869,383089,146.9498445530934,0.002349,TRUE,EF
166,ServersAndClients-PT-100080,13,0.78,0.01,78.0,402,402,1.0,1.24939,FALSE,EF
543,ShieldRVt-PT-004B,2,10.01,0.01,1001.0,31245062,13206915,2.365810789272135,0.000381,FALSE,EF
